<annotation>
	<folder></folder>
	<filename>1003_jpg.rf.42c8d5c02cc7b1a36da8800e76c62fdc.jpg</filename>
	<path>1003_jpg.rf.42c8d5c02cc7b1a36da8800e76c62fdc.jpg</path>
	<source>
		<database>roboflow.com</database>
	</source>
	<size>
		<width>640</width>
		<height>640</height>
		<depth>3</depth>
	</size>
	<segmented>0</segmented>
	<object>
		<name>awake</name>
		<pose>Unspecified</pose>
		<truncated>0</truncated>
		<difficult>0</difficult>
		<occluded>0</occluded>
		<bndbox>
			<xmin>257</xmin>
			<xmax>449</xmax>
			<ymin>200</ymin>
			<ymax>479</ymax>
		</bndbox>
	</object>
</annotation>
