<annotation>
	<folder></folder>
	<filename>1004_jpg.rf.e03e14d153c71e9e0b32f57f02ce68e6.jpg</filename>
	<path>1004_jpg.rf.e03e14d153c71e9e0b32f57f02ce68e6.jpg</path>
	<source>
		<database>roboflow.com</database>
	</source>
	<size>
		<width>640</width>
		<height>640</height>
		<depth>3</depth>
	</size>
	<segmented>0</segmented>
	<object>
		<name>awake</name>
		<pose>Unspecified</pose>
		<truncated>0</truncated>
		<difficult>0</difficult>
		<occluded>0</occluded>
		<bndbox>
			<xmin>245</xmin>
			<xmax>451</xmax>
			<ymin>201</ymin>
			<ymax>477</ymax>
		</bndbox>
	</object>
</annotation>
