<annotation>
	<folder></folder>
	<filename>1006_jpg.rf.f1505a0b351d6799529850232ee5ebb2.jpg</filename>
	<path>1006_jpg.rf.f1505a0b351d6799529850232ee5ebb2.jpg</path>
	<source>
		<database>roboflow.com</database>
	</source>
	<size>
		<width>640</width>
		<height>640</height>
		<depth>3</depth>
	</size>
	<segmented>0</segmented>
	<object>
		<name>awake</name>
		<pose>Unspecified</pose>
		<truncated>0</truncated>
		<difficult>0</difficult>
		<occluded>0</occluded>
		<bndbox>
			<xmin>248</xmin>
			<xmax>421</xmax>
			<ymin>179</ymin>
			<ymax>496</ymax>
		</bndbox>
	</object>
</annotation>
