<annotation>
	<folder></folder>
	<filename>1007_jpg.rf.b3f557fad225a9013aaf51f00487bdc5.jpg</filename>
	<path>1007_jpg.rf.b3f557fad225a9013aaf51f00487bdc5.jpg</path>
	<source>
		<database>roboflow.com</database>
	</source>
	<size>
		<width>640</width>
		<height>640</height>
		<depth>3</depth>
	</size>
	<segmented>0</segmented>
	<object>
		<name>awake</name>
		<pose>Unspecified</pose>
		<truncated>0</truncated>
		<difficult>0</difficult>
		<occluded>0</occluded>
		<bndbox>
			<xmin>269</xmin>
			<xmax>432</xmax>
			<ymin>168</ymin>
			<ymax>492</ymax>
		</bndbox>
	</object>
</annotation>
