<annotation>
	<folder></folder>
	<filename>1008_jpg.rf.8364819d7a3e5e10cec38542ed9d1a29.jpg</filename>
	<path>1008_jpg.rf.8364819d7a3e5e10cec38542ed9d1a29.jpg</path>
	<source>
		<database>roboflow.com</database>
	</source>
	<size>
		<width>640</width>
		<height>640</height>
		<depth>3</depth>
	</size>
	<segmented>0</segmented>
	<object>
		<name>awake</name>
		<pose>Unspecified</pose>
		<truncated>0</truncated>
		<difficult>0</difficult>
		<occluded>0</occluded>
		<bndbox>
			<xmin>245</xmin>
			<xmax>417</xmax>
			<ymin>172</ymin>
			<ymax>499</ymax>
		</bndbox>
	</object>
</annotation>
