<annotation>
	<folder></folder>
	<filename>1009_jpg.rf.9089f9a8264568209aa4f34e64b8c6c6.jpg</filename>
	<path>1009_jpg.rf.9089f9a8264568209aa4f34e64b8c6c6.jpg</path>
	<source>
		<database>roboflow.com</database>
	</source>
	<size>
		<width>640</width>
		<height>640</height>
		<depth>3</depth>
	</size>
	<segmented>0</segmented>
	<object>
		<name>awake</name>
		<pose>Unspecified</pose>
		<truncated>0</truncated>
		<difficult>0</difficult>
		<occluded>0</occluded>
		<bndbox>
			<xmin>254</xmin>
			<xmax>418</xmax>
			<ymin>173</ymin>
			<ymax>499</ymax>
		</bndbox>
	</object>
</annotation>
