<annotation>
	<folder></folder>
	<filename>100_jpg.rf.ceae86f5ca11a8126b0c18d3912e62e1.jpg</filename>
	<path>100_jpg.rf.ceae86f5ca11a8126b0c18d3912e62e1.jpg</path>
	<source>
		<database>roboflow.com</database>
	</source>
	<size>
		<width>640</width>
		<height>640</height>
		<depth>3</depth>
	</size>
	<segmented>0</segmented>
	<object>
		<name>drowsy</name>
		<pose>Unspecified</pose>
		<truncated>0</truncated>
		<difficult>0</difficult>
		<occluded>0</occluded>
		<bndbox>
			<xmin>139</xmin>
			<xmax>303</xmax>
			<ymin>76</ymin>
			<ymax>468</ymax>
		</bndbox>
	</object>
</annotation>
