<annotation>
	<folder></folder>
	<filename>1010_jpg.rf.b2ef21beb0d80b60aee7cec29d2f5cf0.jpg</filename>
	<path>1010_jpg.rf.b2ef21beb0d80b60aee7cec29d2f5cf0.jpg</path>
	<source>
		<database>roboflow.com</database>
	</source>
	<size>
		<width>640</width>
		<height>640</height>
		<depth>3</depth>
	</size>
	<segmented>0</segmented>
	<object>
		<name>awake</name>
		<pose>Unspecified</pose>
		<truncated>0</truncated>
		<difficult>0</difficult>
		<occluded>0</occluded>
		<bndbox>
			<xmin>285</xmin>
			<xmax>427</xmax>
			<ymin>178</ymin>
			<ymax>499</ymax>
		</bndbox>
	</object>
</annotation>
