<annotation>
	<folder></folder>
	<filename>101_jpg.rf.7dc68baf35247f8518a831ba99f6f326.jpg</filename>
	<path>101_jpg.rf.7dc68baf35247f8518a831ba99f6f326.jpg</path>
	<source>
		<database>roboflow.com</database>
	</source>
	<size>
		<width>640</width>
		<height>640</height>
		<depth>3</depth>
	</size>
	<segmented>0</segmented>
	<object>
		<name>drowsy</name>
		<pose>Unspecified</pose>
		<truncated>0</truncated>
		<difficult>0</difficult>
		<occluded>0</occluded>
		<bndbox>
			<xmin>138</xmin>
			<xmax>303</xmax>
			<ymin>73</ymin>
			<ymax>474</ymax>
		</bndbox>
	</object>
</annotation>
