<annotation>
	<folder></folder>
	<filename>1021_jpg.rf.d70bc7a86266688cc28a0dea2b8809b8.jpg</filename>
	<path>1021_jpg.rf.d70bc7a86266688cc28a0dea2b8809b8.jpg</path>
	<source>
		<database>roboflow.com</database>
	</source>
	<size>
		<width>640</width>
		<height>640</height>
		<depth>3</depth>
	</size>
	<segmented>0</segmented>
	<object>
		<name>awake</name>
		<pose>Unspecified</pose>
		<truncated>0</truncated>
		<difficult>0</difficult>
		<occluded>0</occluded>
		<bndbox>
			<xmin>251</xmin>
			<xmax>426</xmax>
			<ymin>190</ymin>
			<ymax>499</ymax>
		</bndbox>
	</object>
</annotation>
