<annotation>
	<folder></folder>
	<filename>1028_jpg.rf.c7103c5351663bc3d69e932bec71f2f4.jpg</filename>
	<path>1028_jpg.rf.c7103c5351663bc3d69e932bec71f2f4.jpg</path>
	<source>
		<database>roboflow.com</database>
	</source>
	<size>
		<width>640</width>
		<height>640</height>
		<depth>3</depth>
	</size>
	<segmented>0</segmented>
	<object>
		<name>awake</name>
		<pose>Unspecified</pose>
		<truncated>0</truncated>
		<difficult>0</difficult>
		<occluded>0</occluded>
		<bndbox>
			<xmin>246</xmin>
			<xmax>420</xmax>
			<ymin>185</ymin>
			<ymax>499</ymax>
		</bndbox>
	</object>
</annotation>
