<annotation>
	<folder></folder>
	<filename>1029_jpg.rf.862a418fda82cc2632be7106fa3767fb.jpg</filename>
	<path>1029_jpg.rf.862a418fda82cc2632be7106fa3767fb.jpg</path>
	<source>
		<database>roboflow.com</database>
	</source>
	<size>
		<width>640</width>
		<height>640</height>
		<depth>3</depth>
	</size>
	<segmented>0</segmented>
	<object>
		<name>awake</name>
		<pose>Unspecified</pose>
		<truncated>0</truncated>
		<difficult>0</difficult>
		<occluded>0</occluded>
		<bndbox>
			<xmin>247</xmin>
			<xmax>421</xmax>
			<ymin>173</ymin>
			<ymax>497</ymax>
		</bndbox>
	</object>
</annotation>
