<annotation>
	<folder></folder>
	<filename>102_jpg.rf.90d4f916567cab9dd16aa9f0796173e9.jpg</filename>
	<path>102_jpg.rf.90d4f916567cab9dd16aa9f0796173e9.jpg</path>
	<source>
		<database>roboflow.com</database>
	</source>
	<size>
		<width>640</width>
		<height>640</height>
		<depth>3</depth>
	</size>
	<segmented>0</segmented>
	<object>
		<name>drowsy</name>
		<pose>Unspecified</pose>
		<truncated>0</truncated>
		<difficult>0</difficult>
		<occluded>0</occluded>
		<bndbox>
			<xmin>138</xmin>
			<xmax>302</xmax>
			<ymin>73</ymin>
			<ymax>477</ymax>
		</bndbox>
	</object>
</annotation>
