<annotation>
	<folder></folder>
	<filename>1030_jpg.rf.412718f6aa65f371035b9a266ae1ac12.jpg</filename>
	<path>1030_jpg.rf.412718f6aa65f371035b9a266ae1ac12.jpg</path>
	<source>
		<database>roboflow.com</database>
	</source>
	<size>
		<width>640</width>
		<height>640</height>
		<depth>3</depth>
	</size>
	<segmented>0</segmented>
	<object>
		<name>awake</name>
		<pose>Unspecified</pose>
		<truncated>0</truncated>
		<difficult>0</difficult>
		<occluded>0</occluded>
		<bndbox>
			<xmin>247</xmin>
			<xmax>422</xmax>
			<ymin>175</ymin>
			<ymax>498</ymax>
		</bndbox>
	</object>
</annotation>
