<annotation>
	<folder></folder>
	<filename>1031_jpg.rf.e681415547143d4f770cd57eb481cece.jpg</filename>
	<path>1031_jpg.rf.e681415547143d4f770cd57eb481cece.jpg</path>
	<source>
		<database>roboflow.com</database>
	</source>
	<size>
		<width>640</width>
		<height>640</height>
		<depth>3</depth>
	</size>
	<segmented>0</segmented>
	<object>
		<name>awake</name>
		<pose>Unspecified</pose>
		<truncated>0</truncated>
		<difficult>0</difficult>
		<occluded>0</occluded>
		<bndbox>
			<xmin>251</xmin>
			<xmax>423</xmax>
			<ymin>177</ymin>
			<ymax>497</ymax>
		</bndbox>
	</object>
</annotation>
