<annotation>
	<folder></folder>
	<filename>1032_jpg.rf.9c43a9f43f82fc5da82b54dd0a6cb834.jpg</filename>
	<path>1032_jpg.rf.9c43a9f43f82fc5da82b54dd0a6cb834.jpg</path>
	<source>
		<database>roboflow.com</database>
	</source>
	<size>
		<width>640</width>
		<height>640</height>
		<depth>3</depth>
	</size>
	<segmented>0</segmented>
	<object>
		<name>awake</name>
		<pose>Unspecified</pose>
		<truncated>0</truncated>
		<difficult>0</difficult>
		<occluded>0</occluded>
		<bndbox>
			<xmin>250</xmin>
			<xmax>425</xmax>
			<ymin>170</ymin>
			<ymax>499</ymax>
		</bndbox>
	</object>
</annotation>
