<annotation>
	<folder></folder>
	<filename>1033_jpg.rf.d1932334da887573708ab1ea432ff4d2.jpg</filename>
	<path>1033_jpg.rf.d1932334da887573708ab1ea432ff4d2.jpg</path>
	<source>
		<database>roboflow.com</database>
	</source>
	<size>
		<width>640</width>
		<height>640</height>
		<depth>3</depth>
	</size>
	<segmented>0</segmented>
	<object>
		<name>awake</name>
		<pose>Unspecified</pose>
		<truncated>0</truncated>
		<difficult>0</difficult>
		<occluded>0</occluded>
		<bndbox>
			<xmin>248</xmin>
			<xmax>426</xmax>
			<ymin>172</ymin>
			<ymax>498</ymax>
		</bndbox>
	</object>
</annotation>
