<annotation>
	<folder></folder>
	<filename>1034_jpg.rf.08b3c2aa44603d710061790adc0afa79.jpg</filename>
	<path>1034_jpg.rf.08b3c2aa44603d710061790adc0afa79.jpg</path>
	<source>
		<database>roboflow.com</database>
	</source>
	<size>
		<width>640</width>
		<height>640</height>
		<depth>3</depth>
	</size>
	<segmented>0</segmented>
	<object>
		<name>awake</name>
		<pose>Unspecified</pose>
		<truncated>0</truncated>
		<difficult>0</difficult>
		<occluded>0</occluded>
		<bndbox>
			<xmin>249</xmin>
			<xmax>426</xmax>
			<ymin>194</ymin>
			<ymax>501</ymax>
		</bndbox>
	</object>
</annotation>
