<annotation>
	<folder></folder>
	<filename>1038_jpg.rf.7e783dc0c2824d904e3f1f5394ea40f5.jpg</filename>
	<path>1038_jpg.rf.7e783dc0c2824d904e3f1f5394ea40f5.jpg</path>
	<source>
		<database>roboflow.com</database>
	</source>
	<size>
		<width>640</width>
		<height>640</height>
		<depth>3</depth>
	</size>
	<segmented>0</segmented>
	<object>
		<name>awake</name>
		<pose>Unspecified</pose>
		<truncated>0</truncated>
		<difficult>0</difficult>
		<occluded>0</occluded>
		<bndbox>
			<xmin>227</xmin>
			<xmax>408</xmax>
			<ymin>149</ymin>
			<ymax>472</ymax>
		</bndbox>
	</object>
</annotation>
