<annotation>
	<folder></folder>
	<filename>1039_jpg.rf.83773b8b53afad028aae24e058a42bc4.jpg</filename>
	<path>1039_jpg.rf.83773b8b53afad028aae24e058a42bc4.jpg</path>
	<source>
		<database>roboflow.com</database>
	</source>
	<size>
		<width>640</width>
		<height>640</height>
		<depth>3</depth>
	</size>
	<segmented>0</segmented>
	<object>
		<name>awake</name>
		<pose>Unspecified</pose>
		<truncated>0</truncated>
		<difficult>0</difficult>
		<occluded>0</occluded>
		<bndbox>
			<xmin>296</xmin>
			<xmax>427</xmax>
			<ymin>142</ymin>
			<ymax>473</ymax>
		</bndbox>
	</object>
</annotation>
