<annotation>
	<folder></folder>
	<filename>103_jpg.rf.1cf65779c8593bb031f64a2cb5bc4bbe.jpg</filename>
	<path>103_jpg.rf.1cf65779c8593bb031f64a2cb5bc4bbe.jpg</path>
	<source>
		<database>roboflow.com</database>
	</source>
	<size>
		<width>640</width>
		<height>640</height>
		<depth>3</depth>
	</size>
	<segmented>0</segmented>
	<object>
		<name>drowsy</name>
		<pose>Unspecified</pose>
		<truncated>0</truncated>
		<difficult>0</difficult>
		<occluded>0</occluded>
		<bndbox>
			<xmin>134</xmin>
			<xmax>299</xmax>
			<ymin>69</ymin>
			<ymax>474</ymax>
		</bndbox>
	</object>
</annotation>
