<annotation>
	<folder></folder>
	<filename>1042_jpg.rf.f7960ce970b006fb962bd6424815697a.jpg</filename>
	<path>1042_jpg.rf.f7960ce970b006fb962bd6424815697a.jpg</path>
	<source>
		<database>roboflow.com</database>
	</source>
	<size>
		<width>640</width>
		<height>640</height>
		<depth>3</depth>
	</size>
	<segmented>0</segmented>
	<object>
		<name>awake</name>
		<pose>Unspecified</pose>
		<truncated>0</truncated>
		<difficult>0</difficult>
		<occluded>0</occluded>
		<bndbox>
			<xmin>234</xmin>
			<xmax>415</xmax>
			<ymin>144</ymin>
			<ymax>471</ymax>
		</bndbox>
	</object>
</annotation>
