<annotation>
	<folder></folder>
	<filename>1044_jpg.rf.d958391616f29b27f9ee8b254ae282d1.jpg</filename>
	<path>1044_jpg.rf.d958391616f29b27f9ee8b254ae282d1.jpg</path>
	<source>
		<database>roboflow.com</database>
	</source>
	<size>
		<width>640</width>
		<height>640</height>
		<depth>3</depth>
	</size>
	<segmented>0</segmented>
	<object>
		<name>awake</name>
		<pose>Unspecified</pose>
		<truncated>0</truncated>
		<difficult>0</difficult>
		<occluded>0</occluded>
		<bndbox>
			<xmin>225</xmin>
			<xmax>407</xmax>
			<ymin>152</ymin>
			<ymax>475</ymax>
		</bndbox>
	</object>
</annotation>
