<annotation>
	<folder></folder>
	<filename>1046_jpg.rf.84d977133d04818dbc2ee1c40aa309a0.jpg</filename>
	<path>1046_jpg.rf.84d977133d04818dbc2ee1c40aa309a0.jpg</path>
	<source>
		<database>roboflow.com</database>
	</source>
	<size>
		<width>640</width>
		<height>640</height>
		<depth>3</depth>
	</size>
	<segmented>0</segmented>
	<object>
		<name>awake</name>
		<pose>Unspecified</pose>
		<truncated>0</truncated>
		<difficult>0</difficult>
		<occluded>0</occluded>
		<bndbox>
			<xmin>226</xmin>
			<xmax>412</xmax>
			<ymin>143</ymin>
			<ymax>479</ymax>
		</bndbox>
	</object>
</annotation>
