<annotation>
	<folder></folder>
	<filename>1047_jpg.rf.1f8948363b7acd2c9628272675bb95c5.jpg</filename>
	<path>1047_jpg.rf.1f8948363b7acd2c9628272675bb95c5.jpg</path>
	<source>
		<database>roboflow.com</database>
	</source>
	<size>
		<width>640</width>
		<height>640</height>
		<depth>3</depth>
	</size>
	<segmented>0</segmented>
	<object>
		<name>awake</name>
		<pose>Unspecified</pose>
		<truncated>0</truncated>
		<difficult>0</difficult>
		<occluded>0</occluded>
		<bndbox>
			<xmin>235</xmin>
			<xmax>415</xmax>
			<ymin>154</ymin>
			<ymax>485</ymax>
		</bndbox>
	</object>
</annotation>
