<annotation>
	<folder></folder>
	<filename>104_jpg.rf.94813f9c522b330d012f22ebd5c71213.jpg</filename>
	<path>104_jpg.rf.94813f9c522b330d012f22ebd5c71213.jpg</path>
	<source>
		<database>roboflow.com</database>
	</source>
	<size>
		<width>640</width>
		<height>640</height>
		<depth>3</depth>
	</size>
	<segmented>0</segmented>
	<object>
		<name>drowsy</name>
		<pose>Unspecified</pose>
		<truncated>0</truncated>
		<difficult>0</difficult>
		<occluded>0</occluded>
		<bndbox>
			<xmin>133</xmin>
			<xmax>299</xmax>
			<ymin>70</ymin>
			<ymax>470</ymax>
		</bndbox>
	</object>
</annotation>
