<annotation>
	<folder></folder>
	<filename>1050_jpg.rf.293111f391ce3bdbaa68f947976e6a9f.jpg</filename>
	<path>1050_jpg.rf.293111f391ce3bdbaa68f947976e6a9f.jpg</path>
	<source>
		<database>roboflow.com</database>
	</source>
	<size>
		<width>640</width>
		<height>640</height>
		<depth>3</depth>
	</size>
	<segmented>0</segmented>
	<object>
		<name>awake</name>
		<pose>Unspecified</pose>
		<truncated>0</truncated>
		<difficult>0</difficult>
		<occluded>0</occluded>
		<bndbox>
			<xmin>233</xmin>
			<xmax>416</xmax>
			<ymin>154</ymin>
			<ymax>488</ymax>
		</bndbox>
	</object>
</annotation>
