<annotation>
	<folder></folder>
	<filename>105_jpg.rf.771c480dc8877548287645215f38766e.jpg</filename>
	<path>105_jpg.rf.771c480dc8877548287645215f38766e.jpg</path>
	<source>
		<database>roboflow.com</database>
	</source>
	<size>
		<width>640</width>
		<height>640</height>
		<depth>3</depth>
	</size>
	<segmented>0</segmented>
	<object>
		<name>drowsy</name>
		<pose>Unspecified</pose>
		<truncated>0</truncated>
		<difficult>0</difficult>
		<occluded>0</occluded>
		<bndbox>
			<xmin>139</xmin>
			<xmax>307</xmax>
			<ymin>75</ymin>
			<ymax>481</ymax>
		</bndbox>
	</object>
</annotation>
