<annotation>
	<folder></folder>
	<filename>1061_jpg.rf.c34ba32846ef885880e8e6e19f842327.jpg</filename>
	<path>1061_jpg.rf.c34ba32846ef885880e8e6e19f842327.jpg</path>
	<source>
		<database>roboflow.com</database>
	</source>
	<size>
		<width>640</width>
		<height>640</height>
		<depth>3</depth>
	</size>
	<segmented>0</segmented>
	<object>
		<name>awake</name>
		<pose>Unspecified</pose>
		<truncated>0</truncated>
		<difficult>0</difficult>
		<occluded>0</occluded>
		<bndbox>
			<xmin>245</xmin>
			<xmax>467</xmax>
			<ymin>182</ymin>
			<ymax>539</ymax>
		</bndbox>
	</object>
</annotation>
