<annotation>
	<folder></folder>
	<filename>1062_jpg.rf.3cd297afa533b0ac476fe5dcd0229022.jpg</filename>
	<path>1062_jpg.rf.3cd297afa533b0ac476fe5dcd0229022.jpg</path>
	<source>
		<database>roboflow.com</database>
	</source>
	<size>
		<width>640</width>
		<height>640</height>
		<depth>3</depth>
	</size>
	<segmented>0</segmented>
	<object>
		<name>awake</name>
		<pose>Unspecified</pose>
		<truncated>0</truncated>
		<difficult>0</difficult>
		<occluded>0</occluded>
		<bndbox>
			<xmin>244</xmin>
			<xmax>464</xmax>
			<ymin>195</ymin>
			<ymax>538</ymax>
		</bndbox>
	</object>
</annotation>
