<annotation>
	<folder></folder>
	<filename>1063_jpg.rf.098303b0c57a86770616f10310084dfc.jpg</filename>
	<path>1063_jpg.rf.098303b0c57a86770616f10310084dfc.jpg</path>
	<source>
		<database>roboflow.com</database>
	</source>
	<size>
		<width>640</width>
		<height>640</height>
		<depth>3</depth>
	</size>
	<segmented>0</segmented>
	<object>
		<name>awake</name>
		<pose>Unspecified</pose>
		<truncated>0</truncated>
		<difficult>0</difficult>
		<occluded>0</occluded>
		<bndbox>
			<xmin>249</xmin>
			<xmax>464</xmax>
			<ymin>200</ymin>
			<ymax>537</ymax>
		</bndbox>
	</object>
</annotation>
