<annotation>
	<folder></folder>
	<filename>1067_jpg.rf.26cf4062ceba4cb42e505963ab1533c3.jpg</filename>
	<path>1067_jpg.rf.26cf4062ceba4cb42e505963ab1533c3.jpg</path>
	<source>
		<database>roboflow.com</database>
	</source>
	<size>
		<width>640</width>
		<height>640</height>
		<depth>3</depth>
	</size>
	<segmented>0</segmented>
	<object>
		<name>awake</name>
		<pose>Unspecified</pose>
		<truncated>0</truncated>
		<difficult>0</difficult>
		<occluded>0</occluded>
		<bndbox>
			<xmin>255</xmin>
			<xmax>471</xmax>
			<ymin>220</ymin>
			<ymax>529</ymax>
		</bndbox>
	</object>
</annotation>
