<annotation>
	<folder></folder>
	<filename>1068_jpg.rf.3e21b1738c5dae165842d67083c2c738.jpg</filename>
	<path>1068_jpg.rf.3e21b1738c5dae165842d67083c2c738.jpg</path>
	<source>
		<database>roboflow.com</database>
	</source>
	<size>
		<width>640</width>
		<height>640</height>
		<depth>3</depth>
	</size>
	<segmented>0</segmented>
	<object>
		<name>awake</name>
		<pose>Unspecified</pose>
		<truncated>0</truncated>
		<difficult>0</difficult>
		<occluded>0</occluded>
		<bndbox>
			<xmin>263</xmin>
			<xmax>474</xmax>
			<ymin>198</ymin>
			<ymax>527</ymax>
		</bndbox>
	</object>
</annotation>
