<annotation>
	<folder></folder>
	<filename>1069_jpg.rf.2c33392835983e0c8b4c1a93de04b56b.jpg</filename>
	<path>1069_jpg.rf.2c33392835983e0c8b4c1a93de04b56b.jpg</path>
	<source>
		<database>roboflow.com</database>
	</source>
	<size>
		<width>640</width>
		<height>640</height>
		<depth>3</depth>
	</size>
	<segmented>0</segmented>
	<object>
		<name>awake</name>
		<pose>Unspecified</pose>
		<truncated>0</truncated>
		<difficult>0</difficult>
		<occluded>0</occluded>
		<bndbox>
			<xmin>261</xmin>
			<xmax>475</xmax>
			<ymin>203</ymin>
			<ymax>522</ymax>
		</bndbox>
	</object>
</annotation>
