<annotation>
	<folder></folder>
	<filename>106_jpg.rf.e0109cdbbca5a6efffb98a1e803e50ab.jpg</filename>
	<path>106_jpg.rf.e0109cdbbca5a6efffb98a1e803e50ab.jpg</path>
	<source>
		<database>roboflow.com</database>
	</source>
	<size>
		<width>640</width>
		<height>640</height>
		<depth>3</depth>
	</size>
	<segmented>0</segmented>
	<object>
		<name>drowsy</name>
		<pose>Unspecified</pose>
		<truncated>0</truncated>
		<difficult>0</difficult>
		<occluded>0</occluded>
		<bndbox>
			<xmin>132</xmin>
			<xmax>305</xmax>
			<ymin>72</ymin>
			<ymax>480</ymax>
		</bndbox>
	</object>
</annotation>
