<annotation>
	<folder></folder>
	<filename>1073_jpg.rf.b3f446e75bdcf468387b0e73a296d762.jpg</filename>
	<path>1073_jpg.rf.b3f446e75bdcf468387b0e73a296d762.jpg</path>
	<source>
		<database>roboflow.com</database>
	</source>
	<size>
		<width>640</width>
		<height>640</height>
		<depth>3</depth>
	</size>
	<segmented>0</segmented>
	<object>
		<name>awake</name>
		<pose>Unspecified</pose>
		<truncated>0</truncated>
		<difficult>0</difficult>
		<occluded>0</occluded>
		<bndbox>
			<xmin>254</xmin>
			<xmax>468</xmax>
			<ymin>210</ymin>
			<ymax>519</ymax>
		</bndbox>
	</object>
</annotation>
