<annotation>
	<folder></folder>
	<filename>1074_jpg.rf.2b50c5a94b07ecab8b68996a4dbda9ab.jpg</filename>
	<path>1074_jpg.rf.2b50c5a94b07ecab8b68996a4dbda9ab.jpg</path>
	<source>
		<database>roboflow.com</database>
	</source>
	<size>
		<width>640</width>
		<height>640</height>
		<depth>3</depth>
	</size>
	<segmented>0</segmented>
	<object>
		<name>awake</name>
		<pose>Unspecified</pose>
		<truncated>0</truncated>
		<difficult>0</difficult>
		<occluded>0</occluded>
		<bndbox>
			<xmin>258</xmin>
			<xmax>471</xmax>
			<ymin>209</ymin>
			<ymax>516</ymax>
		</bndbox>
	</object>
</annotation>
