<annotation>
	<folder></folder>
	<filename>107_jpg.rf.ec486ad5b9210a93e56a4ce277de2619.jpg</filename>
	<path>107_jpg.rf.ec486ad5b9210a93e56a4ce277de2619.jpg</path>
	<source>
		<database>roboflow.com</database>
	</source>
	<size>
		<width>640</width>
		<height>640</height>
		<depth>3</depth>
	</size>
	<segmented>0</segmented>
	<object>
		<name>drowsy</name>
		<pose>Unspecified</pose>
		<truncated>0</truncated>
		<difficult>0</difficult>
		<occluded>0</occluded>
		<bndbox>
			<xmin>133</xmin>
			<xmax>303</xmax>
			<ymin>72</ymin>
			<ymax>484</ymax>
		</bndbox>
	</object>
</annotation>
