<annotation>
	<folder></folder>
	<filename>108_jpg.rf.7c1051d459b926acc7ff00e4f57143fc.jpg</filename>
	<path>108_jpg.rf.7c1051d459b926acc7ff00e4f57143fc.jpg</path>
	<source>
		<database>roboflow.com</database>
	</source>
	<size>
		<width>640</width>
		<height>640</height>
		<depth>3</depth>
	</size>
	<segmented>0</segmented>
	<object>
		<name>drowsy</name>
		<pose>Unspecified</pose>
		<truncated>0</truncated>
		<difficult>0</difficult>
		<occluded>0</occluded>
		<bndbox>
			<xmin>138</xmin>
			<xmax>305</xmax>
			<ymin>68</ymin>
			<ymax>483</ymax>
		</bndbox>
	</object>
</annotation>
