<annotation>
	<folder></folder>
	<filename>1096_jpg.rf.cd74aa24a7eef2328432ddebb85d68c5.jpg</filename>
	<path>1096_jpg.rf.cd74aa24a7eef2328432ddebb85d68c5.jpg</path>
	<source>
		<database>roboflow.com</database>
	</source>
	<size>
		<width>640</width>
		<height>640</height>
		<depth>3</depth>
	</size>
	<segmented>0</segmented>
	<object>
		<name>awake</name>
		<pose>Unspecified</pose>
		<truncated>0</truncated>
		<difficult>0</difficult>
		<occluded>0</occluded>
		<bndbox>
			<xmin>247</xmin>
			<xmax>459</xmax>
			<ymin>218</ymin>
			<ymax>533</ymax>
		</bndbox>
	</object>
</annotation>
