<annotation>
	<folder></folder>
	<filename>1097_jpg.rf.ac56d27b9b8702bfded00420d954c215.jpg</filename>
	<path>1097_jpg.rf.ac56d27b9b8702bfded00420d954c215.jpg</path>
	<source>
		<database>roboflow.com</database>
	</source>
	<size>
		<width>640</width>
		<height>640</height>
		<depth>3</depth>
	</size>
	<segmented>0</segmented>
	<object>
		<name>awake</name>
		<pose>Unspecified</pose>
		<truncated>0</truncated>
		<difficult>0</difficult>
		<occluded>0</occluded>
		<bndbox>
			<xmin>272</xmin>
			<xmax>481</xmax>
			<ymin>193</ymin>
			<ymax>506</ymax>
		</bndbox>
	</object>
</annotation>
