<annotation>
	<folder></folder>
	<filename>1098_jpg.rf.c1ac6536ec0c24d9e1bf3b7c7489a74b.jpg</filename>
	<path>1098_jpg.rf.c1ac6536ec0c24d9e1bf3b7c7489a74b.jpg</path>
	<source>
		<database>roboflow.com</database>
	</source>
	<size>
		<width>640</width>
		<height>640</height>
		<depth>3</depth>
	</size>
	<segmented>0</segmented>
	<object>
		<name>awake</name>
		<pose>Unspecified</pose>
		<truncated>0</truncated>
		<difficult>0</difficult>
		<occluded>0</occluded>
		<bndbox>
			<xmin>273</xmin>
			<xmax>480</xmax>
			<ymin>199</ymin>
			<ymax>505</ymax>
		</bndbox>
	</object>
</annotation>
