<annotation>
	<folder></folder>
	<filename>109_jpg.rf.d0a1bdb5c0a86ffa7a62aabd8970bd7d.jpg</filename>
	<path>109_jpg.rf.d0a1bdb5c0a86ffa7a62aabd8970bd7d.jpg</path>
	<source>
		<database>roboflow.com</database>
	</source>
	<size>
		<width>640</width>
		<height>640</height>
		<depth>3</depth>
	</size>
	<segmented>0</segmented>
	<object>
		<name>drowsy</name>
		<pose>Unspecified</pose>
		<truncated>0</truncated>
		<difficult>0</difficult>
		<occluded>0</occluded>
		<bndbox>
			<xmin>142</xmin>
			<xmax>306</xmax>
			<ymin>64</ymin>
			<ymax>484</ymax>
		</bndbox>
	</object>
</annotation>
