<annotation>
	<folder></folder>
	<filename>10_jpg.rf.07709980ad301cf12815f31085e7b56b.jpg</filename>
	<path>10_jpg.rf.07709980ad301cf12815f31085e7b56b.jpg</path>
	<source>
		<database>roboflow.com</database>
	</source>
	<size>
		<width>640</width>
		<height>640</height>
		<depth>3</depth>
	</size>
	<segmented>0</segmented>
	<object>
		<name>drowsy</name>
		<pose>Unspecified</pose>
		<truncated>0</truncated>
		<difficult>0</difficult>
		<occluded>0</occluded>
		<bndbox>
			<xmin>255</xmin>
			<xmax>382</xmax>
			<ymin>178</ymin>
			<ymax>452</ymax>
		</bndbox>
	</object>
</annotation>
