<annotation>
	<folder></folder>
	<filename>110_jpg.rf.de8c8f2107ebae16545ce4b5075ccab9.jpg</filename>
	<path>110_jpg.rf.de8c8f2107ebae16545ce4b5075ccab9.jpg</path>
	<source>
		<database>roboflow.com</database>
	</source>
	<size>
		<width>640</width>
		<height>640</height>
		<depth>3</depth>
	</size>
	<segmented>0</segmented>
	<object>
		<name>drowsy</name>
		<pose>Unspecified</pose>
		<truncated>0</truncated>
		<difficult>0</difficult>
		<occluded>0</occluded>
		<bndbox>
			<xmin>273</xmin>
			<xmax>439</xmax>
			<ymin>60</ymin>
			<ymax>419</ymax>
		</bndbox>
	</object>
</annotation>
