<annotation>
	<folder></folder>
	<filename>1111_jpg.rf.5d9656456f2eb5c1619b9a22c40c2baa.jpg</filename>
	<path>1111_jpg.rf.5d9656456f2eb5c1619b9a22c40c2baa.jpg</path>
	<source>
		<database>roboflow.com</database>
	</source>
	<size>
		<width>640</width>
		<height>640</height>
		<depth>3</depth>
	</size>
	<segmented>0</segmented>
	<object>
		<name>awake</name>
		<pose>Unspecified</pose>
		<truncated>0</truncated>
		<difficult>0</difficult>
		<occluded>0</occluded>
		<bndbox>
			<xmin>252</xmin>
			<xmax>422</xmax>
			<ymin>119</ymin>
			<ymax>501</ymax>
		</bndbox>
	</object>
</annotation>
