<annotation>
	<folder></folder>
	<filename>1114_jpg.rf.2ce84a5842c9bb7604dd437014a6d4a6.jpg</filename>
	<path>1114_jpg.rf.2ce84a5842c9bb7604dd437014a6d4a6.jpg</path>
	<source>
		<database>roboflow.com</database>
	</source>
	<size>
		<width>640</width>
		<height>640</height>
		<depth>3</depth>
	</size>
	<segmented>0</segmented>
	<object>
		<name>awake</name>
		<pose>Unspecified</pose>
		<truncated>0</truncated>
		<difficult>0</difficult>
		<occluded>0</occluded>
		<bndbox>
			<xmin>240</xmin>
			<xmax>406</xmax>
			<ymin>125</ymin>
			<ymax>513</ymax>
		</bndbox>
	</object>
</annotation>
