<annotation>
	<folder></folder>
	<filename>1116_jpg.rf.44064ce5c88a4ff7e1213d123481e78f.jpg</filename>
	<path>1116_jpg.rf.44064ce5c88a4ff7e1213d123481e78f.jpg</path>
	<source>
		<database>roboflow.com</database>
	</source>
	<size>
		<width>640</width>
		<height>640</height>
		<depth>3</depth>
	</size>
	<segmented>0</segmented>
	<object>
		<name>awake</name>
		<pose>Unspecified</pose>
		<truncated>0</truncated>
		<difficult>0</difficult>
		<occluded>0</occluded>
		<bndbox>
			<xmin>225</xmin>
			<xmax>404</xmax>
			<ymin>116</ymin>
			<ymax>515</ymax>
		</bndbox>
	</object>
</annotation>
