<annotation>
	<folder></folder>
	<filename>1117_jpg.rf.8d0dd7e9bda2b3db9741047f02967446.jpg</filename>
	<path>1117_jpg.rf.8d0dd7e9bda2b3db9741047f02967446.jpg</path>
	<source>
		<database>roboflow.com</database>
	</source>
	<size>
		<width>640</width>
		<height>640</height>
		<depth>3</depth>
	</size>
	<segmented>0</segmented>
	<object>
		<name>awake</name>
		<pose>Unspecified</pose>
		<truncated>0</truncated>
		<difficult>0</difficult>
		<occluded>0</occluded>
		<bndbox>
			<xmin>227</xmin>
			<xmax>403</xmax>
			<ymin>115</ymin>
			<ymax>508</ymax>
		</bndbox>
	</object>
</annotation>
