<annotation>
	<folder></folder>
	<filename>1118_jpg.rf.c52618a4cf0c8fde437eec2af22f68af.jpg</filename>
	<path>1118_jpg.rf.c52618a4cf0c8fde437eec2af22f68af.jpg</path>
	<source>
		<database>roboflow.com</database>
	</source>
	<size>
		<width>640</width>
		<height>640</height>
		<depth>3</depth>
	</size>
	<segmented>0</segmented>
	<object>
		<name>awake</name>
		<pose>Unspecified</pose>
		<truncated>0</truncated>
		<difficult>0</difficult>
		<occluded>0</occluded>
		<bndbox>
			<xmin>228</xmin>
			<xmax>405</xmax>
			<ymin>115</ymin>
			<ymax>509</ymax>
		</bndbox>
	</object>
</annotation>
