<annotation>
	<folder></folder>
	<filename>111_jpg.rf.b4400aa827d311f3076960c86ae16753.jpg</filename>
	<path>111_jpg.rf.b4400aa827d311f3076960c86ae16753.jpg</path>
	<source>
		<database>roboflow.com</database>
	</source>
	<size>
		<width>640</width>
		<height>640</height>
		<depth>3</depth>
	</size>
	<segmented>0</segmented>
	<object>
		<name>drowsy</name>
		<pose>Unspecified</pose>
		<truncated>0</truncated>
		<difficult>0</difficult>
		<occluded>0</occluded>
		<bndbox>
			<xmin>293</xmin>
			<xmax>455</xmax>
			<ymin>65</ymin>
			<ymax>431</ymax>
		</bndbox>
	</object>
</annotation>
