<annotation>
	<folder></folder>
	<filename>111_jpg.rf.ef909a5fcf105fa2947dc63564213034.jpg</filename>
	<path>111_jpg.rf.ef909a5fcf105fa2947dc63564213034.jpg</path>
	<source>
		<database>roboflow.com</database>
	</source>
	<size>
		<width>640</width>
		<height>640</height>
		<depth>3</depth>
	</size>
	<segmented>0</segmented>
	<object>
		<name>awake</name>
		<pose>Unspecified</pose>
		<truncated>0</truncated>
		<difficult>0</difficult>
		<occluded>0</occluded>
		<bndbox>
			<xmin>229</xmin>
			<xmax>401</xmax>
			<ymin>93</ymin>
			<ymax>447</ymax>
		</bndbox>
	</object>
</annotation>
