<annotation>
	<folder></folder>
	<filename>1120_jpg.rf.e084cd99e6d7e57e16a6e10ac37ebef9.jpg</filename>
	<path>1120_jpg.rf.e084cd99e6d7e57e16a6e10ac37ebef9.jpg</path>
	<source>
		<database>roboflow.com</database>
	</source>
	<size>
		<width>640</width>
		<height>640</height>
		<depth>3</depth>
	</size>
	<segmented>0</segmented>
	<object>
		<name>awake</name>
		<pose>Unspecified</pose>
		<truncated>0</truncated>
		<difficult>0</difficult>
		<occluded>0</occluded>
		<bndbox>
			<xmin>226</xmin>
			<xmax>402</xmax>
			<ymin>117</ymin>
			<ymax>506</ymax>
		</bndbox>
	</object>
</annotation>
