<annotation>
	<folder></folder>
	<filename>1121_jpg.rf.5f7326af1d4893b2f6f652d0ac2e00d4.jpg</filename>
	<path>1121_jpg.rf.5f7326af1d4893b2f6f652d0ac2e00d4.jpg</path>
	<source>
		<database>roboflow.com</database>
	</source>
	<size>
		<width>640</width>
		<height>640</height>
		<depth>3</depth>
	</size>
	<segmented>0</segmented>
	<object>
		<name>awake</name>
		<pose>Unspecified</pose>
		<truncated>0</truncated>
		<difficult>0</difficult>
		<occluded>0</occluded>
		<bndbox>
			<xmin>223</xmin>
			<xmax>404</xmax>
			<ymin>104</ymin>
			<ymax>492</ymax>
		</bndbox>
	</object>
</annotation>
