<annotation>
	<folder></folder>
	<filename>1122_jpg.rf.edbeb7f6433442e32352a65a6538227c.jpg</filename>
	<path>1122_jpg.rf.edbeb7f6433442e32352a65a6538227c.jpg</path>
	<source>
		<database>roboflow.com</database>
	</source>
	<size>
		<width>640</width>
		<height>640</height>
		<depth>3</depth>
	</size>
	<segmented>0</segmented>
	<object>
		<name>awake</name>
		<pose>Unspecified</pose>
		<truncated>0</truncated>
		<difficult>0</difficult>
		<occluded>0</occluded>
		<bndbox>
			<xmin>219</xmin>
			<xmax>401</xmax>
			<ymin>118</ymin>
			<ymax>497</ymax>
		</bndbox>
	</object>
</annotation>
