<annotation>
	<folder></folder>
	<filename>1128_jpg.rf.3861e0919add67ad7a22397dc79d0133.jpg</filename>
	<path>1128_jpg.rf.3861e0919add67ad7a22397dc79d0133.jpg</path>
	<source>
		<database>roboflow.com</database>
	</source>
	<size>
		<width>640</width>
		<height>640</height>
		<depth>3</depth>
	</size>
	<segmented>0</segmented>
	<object>
		<name>awake</name>
		<pose>Unspecified</pose>
		<truncated>0</truncated>
		<difficult>0</difficult>
		<occluded>0</occluded>
		<bndbox>
			<xmin>274</xmin>
			<xmax>422</xmax>
			<ymin>116</ymin>
			<ymax>462</ymax>
		</bndbox>
	</object>
</annotation>
