<annotation>
	<folder></folder>
	<filename>1129_jpg.rf.990b4f0bd31e0c982f97b9e490833cb4.jpg</filename>
	<path>1129_jpg.rf.990b4f0bd31e0c982f97b9e490833cb4.jpg</path>
	<source>
		<database>roboflow.com</database>
	</source>
	<size>
		<width>640</width>
		<height>640</height>
		<depth>3</depth>
	</size>
	<segmented>0</segmented>
	<object>
		<name>awake</name>
		<pose>Unspecified</pose>
		<truncated>0</truncated>
		<difficult>0</difficult>
		<occluded>0</occluded>
		<bndbox>
			<xmin>289</xmin>
			<xmax>425</xmax>
			<ymin>128</ymin>
			<ymax>475</ymax>
		</bndbox>
	</object>
</annotation>
