<annotation>
	<folder></folder>
	<filename>112_jpg.rf.4d003f4f4104ccc5acd27bfdb346d5b8.jpg</filename>
	<path>112_jpg.rf.4d003f4f4104ccc5acd27bfdb346d5b8.jpg</path>
	<source>
		<database>roboflow.com</database>
	</source>
	<size>
		<width>640</width>
		<height>640</height>
		<depth>3</depth>
	</size>
	<segmented>0</segmented>
	<object>
		<name>drowsy</name>
		<pose>Unspecified</pose>
		<truncated>0</truncated>
		<difficult>0</difficult>
		<occluded>0</occluded>
		<bndbox>
			<xmin>288</xmin>
			<xmax>452</xmax>
			<ymin>68</ymin>
			<ymax>431</ymax>
		</bndbox>
	</object>
</annotation>
