<annotation>
	<folder></folder>
	<filename>112_jpg.rf.ff09feafb361d774963f0208ae7af520.jpg</filename>
	<path>112_jpg.rf.ff09feafb361d774963f0208ae7af520.jpg</path>
	<source>
		<database>roboflow.com</database>
	</source>
	<size>
		<width>640</width>
		<height>640</height>
		<depth>3</depth>
	</size>
	<segmented>0</segmented>
	<object>
		<name>awake</name>
		<pose>Unspecified</pose>
		<truncated>0</truncated>
		<difficult>0</difficult>
		<occluded>0</occluded>
		<bndbox>
			<xmin>238</xmin>
			<xmax>403</xmax>
			<ymin>90</ymin>
			<ymax>444</ymax>
		</bndbox>
	</object>
</annotation>
