<annotation>
	<folder></folder>
	<filename>1130_jpg.rf.579b5d9cf49ee91fc0344125f6f97a7d.jpg</filename>
	<path>1130_jpg.rf.579b5d9cf49ee91fc0344125f6f97a7d.jpg</path>
	<source>
		<database>roboflow.com</database>
	</source>
	<size>
		<width>640</width>
		<height>640</height>
		<depth>3</depth>
	</size>
	<segmented>0</segmented>
	<object>
		<name>awake</name>
		<pose>Unspecified</pose>
		<truncated>0</truncated>
		<difficult>0</difficult>
		<occluded>0</occluded>
		<bndbox>
			<xmin>310</xmin>
			<xmax>445</xmax>
			<ymin>123</ymin>
			<ymax>472</ymax>
		</bndbox>
	</object>
</annotation>
