<annotation>
	<folder></folder>
	<filename>1131_jpg.rf.d254dd7d3c388d4f4e023ecbcb01c064.jpg</filename>
	<path>1131_jpg.rf.d254dd7d3c388d4f4e023ecbcb01c064.jpg</path>
	<source>
		<database>roboflow.com</database>
	</source>
	<size>
		<width>640</width>
		<height>640</height>
		<depth>3</depth>
	</size>
	<segmented>0</segmented>
	<object>
		<name>awake</name>
		<pose>Unspecified</pose>
		<truncated>0</truncated>
		<difficult>0</difficult>
		<occluded>0</occluded>
		<bndbox>
			<xmin>273</xmin>
			<xmax>431</xmax>
			<ymin>171</ymin>
			<ymax>517</ymax>
		</bndbox>
	</object>
</annotation>
