<annotation>
	<folder></folder>
	<filename>1132_jpg.rf.7ddcc071c0709a982fbea202c1b78d6e.jpg</filename>
	<path>1132_jpg.rf.7ddcc071c0709a982fbea202c1b78d6e.jpg</path>
	<source>
		<database>roboflow.com</database>
	</source>
	<size>
		<width>640</width>
		<height>640</height>
		<depth>3</depth>
	</size>
	<segmented>0</segmented>
	<object>
		<name>awake</name>
		<pose>Unspecified</pose>
		<truncated>0</truncated>
		<difficult>0</difficult>
		<occluded>0</occluded>
		<bndbox>
			<xmin>312</xmin>
			<xmax>449</xmax>
			<ymin>148</ymin>
			<ymax>490</ymax>
		</bndbox>
	</object>
</annotation>
