<annotation>
	<folder></folder>
	<filename>1133_jpg.rf.534b49abf73df680ed2b1c4ff16d8126.jpg</filename>
	<path>1133_jpg.rf.534b49abf73df680ed2b1c4ff16d8126.jpg</path>
	<source>
		<database>roboflow.com</database>
	</source>
	<size>
		<width>640</width>
		<height>640</height>
		<depth>3</depth>
	</size>
	<segmented>0</segmented>
	<object>
		<name>awake</name>
		<pose>Unspecified</pose>
		<truncated>0</truncated>
		<difficult>0</difficult>
		<occluded>0</occluded>
		<bndbox>
			<xmin>358</xmin>
			<xmax>471</xmax>
			<ymin>140</ymin>
			<ymax>464</ymax>
		</bndbox>
	</object>
</annotation>
