<annotation>
	<folder></folder>
	<filename>1134_jpg.rf.2f98504ef3475dc87816bfb5fe393d64.jpg</filename>
	<path>1134_jpg.rf.2f98504ef3475dc87816bfb5fe393d64.jpg</path>
	<source>
		<database>roboflow.com</database>
	</source>
	<size>
		<width>640</width>
		<height>640</height>
		<depth>3</depth>
	</size>
	<segmented>0</segmented>
	<object>
		<name>awake</name>
		<pose>Unspecified</pose>
		<truncated>0</truncated>
		<difficult>0</difficult>
		<occluded>0</occluded>
		<bndbox>
			<xmin>341</xmin>
			<xmax>465</xmax>
			<ymin>147</ymin>
			<ymax>478</ymax>
		</bndbox>
	</object>
</annotation>
