<annotation>
	<folder></folder>
	<filename>1139_jpg.rf.3a63852871d77c2c88a4e61728dfed50.jpg</filename>
	<path>1139_jpg.rf.3a63852871d77c2c88a4e61728dfed50.jpg</path>
	<source>
		<database>roboflow.com</database>
	</source>
	<size>
		<width>640</width>
		<height>640</height>
		<depth>3</depth>
	</size>
	<segmented>0</segmented>
	<object>
		<name>awake</name>
		<pose>Unspecified</pose>
		<truncated>0</truncated>
		<difficult>0</difficult>
		<occluded>0</occluded>
		<bndbox>
			<xmin>286</xmin>
			<xmax>432</xmax>
			<ymin>148</ymin>
			<ymax>501</ymax>
		</bndbox>
	</object>
</annotation>
