<annotation>
	<folder></folder>
	<filename>113_jpg.rf.1b2fe3f573911207a9c2797b1a897d29.jpg</filename>
	<path>113_jpg.rf.1b2fe3f573911207a9c2797b1a897d29.jpg</path>
	<source>
		<database>roboflow.com</database>
	</source>
	<size>
		<width>640</width>
		<height>640</height>
		<depth>3</depth>
	</size>
	<segmented>0</segmented>
	<object>
		<name>awake</name>
		<pose>Unspecified</pose>
		<truncated>0</truncated>
		<difficult>0</difficult>
		<occluded>0</occluded>
		<bndbox>
			<xmin>238</xmin>
			<xmax>402</xmax>
			<ymin>95</ymin>
			<ymax>449</ymax>
		</bndbox>
	</object>
</annotation>
