<annotation>
	<folder></folder>
	<filename>113_jpg.rf.fe36cca42d1318010b8ace83b9be3737.jpg</filename>
	<path>113_jpg.rf.fe36cca42d1318010b8ace83b9be3737.jpg</path>
	<source>
		<database>roboflow.com</database>
	</source>
	<size>
		<width>640</width>
		<height>640</height>
		<depth>3</depth>
	</size>
	<segmented>0</segmented>
	<object>
		<name>drowsy</name>
		<pose>Unspecified</pose>
		<truncated>0</truncated>
		<difficult>0</difficult>
		<occluded>0</occluded>
		<bndbox>
			<xmin>288</xmin>
			<xmax>454</xmax>
			<ymin>53</ymin>
			<ymax>427</ymax>
		</bndbox>
	</object>
</annotation>
