<annotation>
	<folder></folder>
	<filename>114_jpg.rf.0152c9d1a67da381e6db4724e4b6ac1e.jpg</filename>
	<path>114_jpg.rf.0152c9d1a67da381e6db4724e4b6ac1e.jpg</path>
	<source>
		<database>roboflow.com</database>
	</source>
	<size>
		<width>640</width>
		<height>640</height>
		<depth>3</depth>
	</size>
	<segmented>0</segmented>
	<object>
		<name>awake</name>
		<pose>Unspecified</pose>
		<truncated>0</truncated>
		<difficult>0</difficult>
		<occluded>0</occluded>
		<bndbox>
			<xmin>238</xmin>
			<xmax>402</xmax>
			<ymin>92</ymin>
			<ymax>443</ymax>
		</bndbox>
	</object>
</annotation>
