<annotation>
	<folder></folder>
	<filename>114_jpg.rf.3e0faf791fc2273fa176264dd8e7c468.jpg</filename>
	<path>114_jpg.rf.3e0faf791fc2273fa176264dd8e7c468.jpg</path>
	<source>
		<database>roboflow.com</database>
	</source>
	<size>
		<width>640</width>
		<height>640</height>
		<depth>3</depth>
	</size>
	<segmented>0</segmented>
	<object>
		<name>drowsy</name>
		<pose>Unspecified</pose>
		<truncated>0</truncated>
		<difficult>0</difficult>
		<occluded>0</occluded>
		<bndbox>
			<xmin>278</xmin>
			<xmax>454</xmax>
			<ymin>59</ymin>
			<ymax>423</ymax>
		</bndbox>
	</object>
</annotation>
