<annotation>
	<folder></folder>
	<filename>115_jpg.rf.f5a2b7b4d4261060568f53412ad8990d.jpg</filename>
	<path>115_jpg.rf.f5a2b7b4d4261060568f53412ad8990d.jpg</path>
	<source>
		<database>roboflow.com</database>
	</source>
	<size>
		<width>640</width>
		<height>640</height>
		<depth>3</depth>
	</size>
	<segmented>0</segmented>
	<object>
		<name>awake</name>
		<pose>Unspecified</pose>
		<truncated>0</truncated>
		<difficult>0</difficult>
		<occluded>0</occluded>
		<bndbox>
			<xmin>245</xmin>
			<xmax>406</xmax>
			<ymin>97</ymin>
			<ymax>446</ymax>
		</bndbox>
	</object>
</annotation>
