<annotation>
	<folder></folder>
	<filename>115_jpg.rf.d2243f30d586bb79b2a2dea665cfe503.jpg</filename>
	<path>115_jpg.rf.d2243f30d586bb79b2a2dea665cfe503.jpg</path>
	<source>
		<database>roboflow.com</database>
	</source>
	<size>
		<width>640</width>
		<height>640</height>
		<depth>3</depth>
	</size>
	<segmented>0</segmented>
	<object>
		<name>drowsy</name>
		<pose>Unspecified</pose>
		<truncated>0</truncated>
		<difficult>0</difficult>
		<occluded>0</occluded>
		<bndbox>
			<xmin>271</xmin>
			<xmax>447</xmax>
			<ymin>48</ymin>
			<ymax>416</ymax>
		</bndbox>
	</object>
</annotation>
