<annotation>
	<folder></folder>
	<filename>116_jpg.rf.454d09be1f34b4ecfd249c87848ea678.jpg</filename>
	<path>116_jpg.rf.454d09be1f34b4ecfd249c87848ea678.jpg</path>
	<source>
		<database>roboflow.com</database>
	</source>
	<size>
		<width>640</width>
		<height>640</height>
		<depth>3</depth>
	</size>
	<segmented>0</segmented>
	<object>
		<name>drowsy</name>
		<pose>Unspecified</pose>
		<truncated>0</truncated>
		<difficult>0</difficult>
		<occluded>0</occluded>
		<bndbox>
			<xmin>278</xmin>
			<xmax>456</xmax>
			<ymin>53</ymin>
			<ymax>424</ymax>
		</bndbox>
	</object>
</annotation>
