<annotation>
	<folder></folder>
	<filename>1172_jpg.rf.95416426ca4d58e1a79a13f5fc9e95fe.jpg</filename>
	<path>1172_jpg.rf.95416426ca4d58e1a79a13f5fc9e95fe.jpg</path>
	<source>
		<database>roboflow.com</database>
	</source>
	<size>
		<width>640</width>
		<height>640</height>
		<depth>3</depth>
	</size>
	<segmented>0</segmented>
	<object>
		<name>awake</name>
		<pose>Unspecified</pose>
		<truncated>0</truncated>
		<difficult>0</difficult>
		<occluded>0</occluded>
		<bndbox>
			<xmin>291</xmin>
			<xmax>463</xmax>
			<ymin>117</ymin>
			<ymax>480</ymax>
		</bndbox>
	</object>
</annotation>
