<annotation>
	<folder></folder>
	<filename>1173_jpg.rf.ddd735a878dab349b490e0d26a3d0ced.jpg</filename>
	<path>1173_jpg.rf.ddd735a878dab349b490e0d26a3d0ced.jpg</path>
	<source>
		<database>roboflow.com</database>
	</source>
	<size>
		<width>640</width>
		<height>640</height>
		<depth>3</depth>
	</size>
	<segmented>0</segmented>
	<object>
		<name>awake</name>
		<pose>Unspecified</pose>
		<truncated>0</truncated>
		<difficult>0</difficult>
		<occluded>0</occluded>
		<bndbox>
			<xmin>302</xmin>
			<xmax>484</xmax>
			<ymin>121</ymin>
			<ymax>457</ymax>
		</bndbox>
	</object>
</annotation>
