<annotation>
	<folder></folder>
	<filename>1174_jpg.rf.1c3ae1836e461f5e892a00fc2b74fba8.jpg</filename>
	<path>1174_jpg.rf.1c3ae1836e461f5e892a00fc2b74fba8.jpg</path>
	<source>
		<database>roboflow.com</database>
	</source>
	<size>
		<width>640</width>
		<height>640</height>
		<depth>3</depth>
	</size>
	<segmented>0</segmented>
	<object>
		<name>awake</name>
		<pose>Unspecified</pose>
		<truncated>0</truncated>
		<difficult>0</difficult>
		<occluded>0</occluded>
		<bndbox>
			<xmin>261</xmin>
			<xmax>457</xmax>
			<ymin>133</ymin>
			<ymax>480</ymax>
		</bndbox>
	</object>
</annotation>
