<annotation>
	<folder></folder>
	<filename>1176_jpg.rf.4a8e9c44ba183cdb8220abb67ba7d39b.jpg</filename>
	<path>1176_jpg.rf.4a8e9c44ba183cdb8220abb67ba7d39b.jpg</path>
	<source>
		<database>roboflow.com</database>
	</source>
	<size>
		<width>640</width>
		<height>640</height>
		<depth>3</depth>
	</size>
	<segmented>0</segmented>
	<object>
		<name>awake</name>
		<pose>Unspecified</pose>
		<truncated>0</truncated>
		<difficult>0</difficult>
		<occluded>0</occluded>
		<bndbox>
			<xmin>298</xmin>
			<xmax>480</xmax>
			<ymin>124</ymin>
			<ymax>469</ymax>
		</bndbox>
	</object>
</annotation>
