<annotation>
	<folder></folder>
	<filename>1177_jpg.rf.8e76c2d78c4e0800c8435d3638fe14b7.jpg</filename>
	<path>1177_jpg.rf.8e76c2d78c4e0800c8435d3638fe14b7.jpg</path>
	<source>
		<database>roboflow.com</database>
	</source>
	<size>
		<width>640</width>
		<height>640</height>
		<depth>3</depth>
	</size>
	<segmented>0</segmented>
	<object>
		<name>awake</name>
		<pose>Unspecified</pose>
		<truncated>0</truncated>
		<difficult>0</difficult>
		<occluded>0</occluded>
		<bndbox>
			<xmin>307</xmin>
			<xmax>478</xmax>
			<ymin>135</ymin>
			<ymax>473</ymax>
		</bndbox>
	</object>
</annotation>
