<annotation>
	<folder></folder>
	<filename>1178_jpg.rf.be666b83fc18c35501bf7141af1f9131.jpg</filename>
	<path>1178_jpg.rf.be666b83fc18c35501bf7141af1f9131.jpg</path>
	<source>
		<database>roboflow.com</database>
	</source>
	<size>
		<width>640</width>
		<height>640</height>
		<depth>3</depth>
	</size>
	<segmented>0</segmented>
	<object>
		<name>awake</name>
		<pose>Unspecified</pose>
		<truncated>0</truncated>
		<difficult>0</difficult>
		<occluded>0</occluded>
		<bndbox>
			<xmin>260</xmin>
			<xmax>447</xmax>
			<ymin>144</ymin>
			<ymax>491</ymax>
		</bndbox>
	</object>
</annotation>
