<annotation>
	<folder></folder>
	<filename>117_jpg.rf.8292d4d07ec4abb40d802b6224650ec8.jpg</filename>
	<path>117_jpg.rf.8292d4d07ec4abb40d802b6224650ec8.jpg</path>
	<source>
		<database>roboflow.com</database>
	</source>
	<size>
		<width>640</width>
		<height>640</height>
		<depth>3</depth>
	</size>
	<segmented>0</segmented>
	<object>
		<name>drowsy</name>
		<pose>Unspecified</pose>
		<truncated>0</truncated>
		<difficult>0</difficult>
		<occluded>0</occluded>
		<bndbox>
			<xmin>281</xmin>
			<xmax>454</xmax>
			<ymin>51</ymin>
			<ymax>424</ymax>
		</bndbox>
	</object>
</annotation>
