<annotation>
	<folder></folder>
	<filename>117_jpg.rf.019cdbb49972f9a0b0f3ca1ed867e42b.jpg</filename>
	<path>117_jpg.rf.019cdbb49972f9a0b0f3ca1ed867e42b.jpg</path>
	<source>
		<database>roboflow.com</database>
	</source>
	<size>
		<width>640</width>
		<height>640</height>
		<depth>3</depth>
	</size>
	<segmented>0</segmented>
	<object>
		<name>awake</name>
		<pose>Unspecified</pose>
		<truncated>0</truncated>
		<difficult>0</difficult>
		<occluded>0</occluded>
		<bndbox>
			<xmin>243</xmin>
			<xmax>405</xmax>
			<ymin>100</ymin>
			<ymax>449</ymax>
		</bndbox>
	</object>
</annotation>
