<annotation>
	<folder></folder>
	<filename>118_jpg.rf.0c5e878d89c8e8de9266a0575d023ff8.jpg</filename>
	<path>118_jpg.rf.0c5e878d89c8e8de9266a0575d023ff8.jpg</path>
	<source>
		<database>roboflow.com</database>
	</source>
	<size>
		<width>640</width>
		<height>640</height>
		<depth>3</depth>
	</size>
	<segmented>0</segmented>
	<object>
		<name>drowsy</name>
		<pose>Unspecified</pose>
		<truncated>0</truncated>
		<difficult>0</difficult>
		<occluded>0</occluded>
		<bndbox>
			<xmin>278</xmin>
			<xmax>455</xmax>
			<ymin>58</ymin>
			<ymax>421</ymax>
		</bndbox>
	</object>
</annotation>
