<annotation>
	<folder></folder>
	<filename>119_jpg.rf.af5134ed29b359b51da78c5275344d44.jpg</filename>
	<path>119_jpg.rf.af5134ed29b359b51da78c5275344d44.jpg</path>
	<source>
		<database>roboflow.com</database>
	</source>
	<size>
		<width>640</width>
		<height>640</height>
		<depth>3</depth>
	</size>
	<segmented>0</segmented>
	<object>
		<name>drowsy</name>
		<pose>Unspecified</pose>
		<truncated>0</truncated>
		<difficult>0</difficult>
		<occluded>0</occluded>
		<bndbox>
			<xmin>273</xmin>
			<xmax>454</xmax>
			<ymin>43</ymin>
			<ymax>425</ymax>
		</bndbox>
	</object>
</annotation>
