<annotation>
	<folder></folder>
	<filename>1201_jpg.rf.faa68210b0e375768261d0939e08b919.jpg</filename>
	<path>1201_jpg.rf.faa68210b0e375768261d0939e08b919.jpg</path>
	<source>
		<database>roboflow.com</database>
	</source>
	<size>
		<width>640</width>
		<height>640</height>
		<depth>3</depth>
	</size>
	<segmented>0</segmented>
	<object>
		<name>awake</name>
		<pose>Unspecified</pose>
		<truncated>0</truncated>
		<difficult>0</difficult>
		<occluded>0</occluded>
		<bndbox>
			<xmin>373</xmin>
			<xmax>541</xmax>
			<ymin>116</ymin>
			<ymax>474</ymax>
		</bndbox>
	</object>
</annotation>
