<annotation>
	<folder></folder>
	<filename>1202_jpg.rf.639944795a73484ffcb7d7a15faa5503.jpg</filename>
	<path>1202_jpg.rf.639944795a73484ffcb7d7a15faa5503.jpg</path>
	<source>
		<database>roboflow.com</database>
	</source>
	<size>
		<width>640</width>
		<height>640</height>
		<depth>3</depth>
	</size>
	<segmented>0</segmented>
	<object>
		<name>awake</name>
		<pose>Unspecified</pose>
		<truncated>0</truncated>
		<difficult>0</difficult>
		<occluded>0</occluded>
		<bndbox>
			<xmin>371</xmin>
			<xmax>536</xmax>
			<ymin>115</ymin>
			<ymax>473</ymax>
		</bndbox>
	</object>
</annotation>
