<annotation>
	<folder></folder>
	<filename>1203_jpg.rf.6014b82a4f823889c2ada9d72e3f3cc0.jpg</filename>
	<path>1203_jpg.rf.6014b82a4f823889c2ada9d72e3f3cc0.jpg</path>
	<source>
		<database>roboflow.com</database>
	</source>
	<size>
		<width>640</width>
		<height>640</height>
		<depth>3</depth>
	</size>
	<segmented>0</segmented>
	<object>
		<name>awake</name>
		<pose>Unspecified</pose>
		<truncated>0</truncated>
		<difficult>0</difficult>
		<occluded>0</occluded>
		<bndbox>
			<xmin>349</xmin>
			<xmax>526</xmax>
			<ymin>107</ymin>
			<ymax>465</ymax>
		</bndbox>
	</object>
</annotation>
