<annotation>
	<folder></folder>
	<filename>1208_jpg.rf.cd2c25bc45128adb57bc82652bbcde3a.jpg</filename>
	<path>1208_jpg.rf.cd2c25bc45128adb57bc82652bbcde3a.jpg</path>
	<source>
		<database>roboflow.com</database>
	</source>
	<size>
		<width>640</width>
		<height>640</height>
		<depth>3</depth>
	</size>
	<segmented>0</segmented>
	<object>
		<name>awake</name>
		<pose>Unspecified</pose>
		<truncated>0</truncated>
		<difficult>0</difficult>
		<occluded>0</occluded>
		<bndbox>
			<xmin>325</xmin>
			<xmax>513</xmax>
			<ymin>120</ymin>
			<ymax>489</ymax>
		</bndbox>
	</object>
</annotation>
