<annotation>
	<folder></folder>
	<filename>1209_jpg.rf.d847b3bf027cd70a31c0121b2e4c7376.jpg</filename>
	<path>1209_jpg.rf.d847b3bf027cd70a31c0121b2e4c7376.jpg</path>
	<source>
		<database>roboflow.com</database>
	</source>
	<size>
		<width>640</width>
		<height>640</height>
		<depth>3</depth>
	</size>
	<segmented>0</segmented>
	<object>
		<name>awake</name>
		<pose>Unspecified</pose>
		<truncated>0</truncated>
		<difficult>0</difficult>
		<occluded>0</occluded>
		<bndbox>
			<xmin>346</xmin>
			<xmax>525</xmax>
			<ymin>118</ymin>
			<ymax>485</ymax>
		</bndbox>
	</object>
</annotation>
