<annotation>
	<folder></folder>
	<filename>120_jpg.rf.7b59ccaa58166fff82655bc55e8937e4.jpg</filename>
	<path>120_jpg.rf.7b59ccaa58166fff82655bc55e8937e4.jpg</path>
	<source>
		<database>roboflow.com</database>
	</source>
	<size>
		<width>640</width>
		<height>640</height>
		<depth>3</depth>
	</size>
	<segmented>0</segmented>
	<object>
		<name>drowsy</name>
		<pose>Unspecified</pose>
		<truncated>0</truncated>
		<difficult>0</difficult>
		<occluded>0</occluded>
		<bndbox>
			<xmin>295</xmin>
			<xmax>466</xmax>
			<ymin>64</ymin>
			<ymax>433</ymax>
		</bndbox>
	</object>
</annotation>
