<annotation>
	<folder></folder>
	<filename>1210_jpg.rf.8d7997425b14367e12a4982c36a547fe.jpg</filename>
	<path>1210_jpg.rf.8d7997425b14367e12a4982c36a547fe.jpg</path>
	<source>
		<database>roboflow.com</database>
	</source>
	<size>
		<width>640</width>
		<height>640</height>
		<depth>3</depth>
	</size>
	<segmented>0</segmented>
	<object>
		<name>awake</name>
		<pose>Unspecified</pose>
		<truncated>0</truncated>
		<difficult>0</difficult>
		<occluded>0</occluded>
		<bndbox>
			<xmin>354</xmin>
			<xmax>519</xmax>
			<ymin>102</ymin>
			<ymax>454</ymax>
		</bndbox>
	</object>
</annotation>
