<annotation>
	<folder></folder>
	<filename>121_jpg.rf.8f98803e59179240668856f23fbc9aff.jpg</filename>
	<path>121_jpg.rf.8f98803e59179240668856f23fbc9aff.jpg</path>
	<source>
		<database>roboflow.com</database>
	</source>
	<size>
		<width>640</width>
		<height>640</height>
		<depth>3</depth>
	</size>
	<segmented>0</segmented>
	<object>
		<name>drowsy</name>
		<pose>Unspecified</pose>
		<truncated>0</truncated>
		<difficult>0</difficult>
		<occluded>0</occluded>
		<bndbox>
			<xmin>269</xmin>
			<xmax>443</xmax>
			<ymin>51</ymin>
			<ymax>418</ymax>
		</bndbox>
	</object>
</annotation>
