<annotation>
	<folder></folder>
	<filename>122_jpg.rf.a53e091398f444a98517f8e5d94859b4.jpg</filename>
	<path>122_jpg.rf.a53e091398f444a98517f8e5d94859b4.jpg</path>
	<source>
		<database>roboflow.com</database>
	</source>
	<size>
		<width>640</width>
		<height>640</height>
		<depth>3</depth>
	</size>
	<segmented>0</segmented>
	<object>
		<name>drowsy</name>
		<pose>Unspecified</pose>
		<truncated>0</truncated>
		<difficult>0</difficult>
		<occluded>0</occluded>
		<bndbox>
			<xmin>242</xmin>
			<xmax>364</xmax>
			<ymin>156</ymin>
			<ymax>394</ymax>
		</bndbox>
	</object>
</annotation>
