<annotation>
	<folder></folder>
	<filename>123_jpg.rf.8687a883579b06e0e3266b054d4129f5.jpg</filename>
	<path>123_jpg.rf.8687a883579b06e0e3266b054d4129f5.jpg</path>
	<source>
		<database>roboflow.com</database>
	</source>
	<size>
		<width>640</width>
		<height>640</height>
		<depth>3</depth>
	</size>
	<segmented>0</segmented>
	<object>
		<name>drowsy</name>
		<pose>Unspecified</pose>
		<truncated>0</truncated>
		<difficult>0</difficult>
		<occluded>0</occluded>
		<bndbox>
			<xmin>237</xmin>
			<xmax>361</xmax>
			<ymin>152</ymin>
			<ymax>409</ymax>
		</bndbox>
	</object>
</annotation>
