<annotation>
	<folder></folder>
	<filename>1246_jpg.rf.561d77e2cb7422da7e2ce74bcbb23e53.jpg</filename>
	<path>1246_jpg.rf.561d77e2cb7422da7e2ce74bcbb23e53.jpg</path>
	<source>
		<database>roboflow.com</database>
	</source>
	<size>
		<width>640</width>
		<height>640</height>
		<depth>3</depth>
	</size>
	<segmented>0</segmented>
	<object>
		<name>awake</name>
		<pose>Unspecified</pose>
		<truncated>0</truncated>
		<difficult>0</difficult>
		<occluded>0</occluded>
		<bndbox>
			<xmin>243</xmin>
			<xmax>382</xmax>
			<ymin>118</ymin>
			<ymax>421</ymax>
		</bndbox>
	</object>
</annotation>
