<annotation>
	<folder></folder>
	<filename>1247_jpg.rf.7aa80284306e12cfe9dc5994be8d2518.jpg</filename>
	<path>1247_jpg.rf.7aa80284306e12cfe9dc5994be8d2518.jpg</path>
	<source>
		<database>roboflow.com</database>
	</source>
	<size>
		<width>640</width>
		<height>640</height>
		<depth>3</depth>
	</size>
	<segmented>0</segmented>
	<object>
		<name>awake</name>
		<pose>Unspecified</pose>
		<truncated>0</truncated>
		<difficult>0</difficult>
		<occluded>0</occluded>
		<bndbox>
			<xmin>299</xmin>
			<xmax>475</xmax>
			<ymin>107</ymin>
			<ymax>438</ymax>
		</bndbox>
	</object>
</annotation>
