<annotation>
	<folder></folder>
	<filename>1248_jpg.rf.7b6b9200e3faee33506edb17df15cce7.jpg</filename>
	<path>1248_jpg.rf.7b6b9200e3faee33506edb17df15cce7.jpg</path>
	<source>
		<database>roboflow.com</database>
	</source>
	<size>
		<width>640</width>
		<height>640</height>
		<depth>3</depth>
	</size>
	<segmented>0</segmented>
	<object>
		<name>awake</name>
		<pose>Unspecified</pose>
		<truncated>0</truncated>
		<difficult>0</difficult>
		<occluded>0</occluded>
		<bndbox>
			<xmin>335</xmin>
			<xmax>500</xmax>
			<ymin>116</ymin>
			<ymax>449</ymax>
		</bndbox>
	</object>
</annotation>
