<annotation>
	<folder></folder>
	<filename>124_jpg.rf.05c3ee41021f51861e000bae27a682f5.jpg</filename>
	<path>124_jpg.rf.05c3ee41021f51861e000bae27a682f5.jpg</path>
	<source>
		<database>roboflow.com</database>
	</source>
	<size>
		<width>640</width>
		<height>640</height>
		<depth>3</depth>
	</size>
	<segmented>0</segmented>
	<object>
		<name>drowsy</name>
		<pose>Unspecified</pose>
		<truncated>0</truncated>
		<difficult>0</difficult>
		<occluded>0</occluded>
		<bndbox>
			<xmin>223</xmin>
			<xmax>349</xmax>
			<ymin>155</ymin>
			<ymax>400</ymax>
		</bndbox>
	</object>
</annotation>
