<annotation>
	<folder></folder>
	<filename>1250_jpg.rf.8f2248ed87402fa29c11e48005b503d1.jpg</filename>
	<path>1250_jpg.rf.8f2248ed87402fa29c11e48005b503d1.jpg</path>
	<source>
		<database>roboflow.com</database>
	</source>
	<size>
		<width>640</width>
		<height>640</height>
		<depth>3</depth>
	</size>
	<segmented>0</segmented>
	<object>
		<name>awake</name>
		<pose>Unspecified</pose>
		<truncated>0</truncated>
		<difficult>0</difficult>
		<occluded>0</occluded>
		<bndbox>
			<xmin>345</xmin>
			<xmax>497</xmax>
			<ymin>125</ymin>
			<ymax>457</ymax>
		</bndbox>
	</object>
</annotation>
