<annotation>
	<folder></folder>
	<filename>125_jpg.rf.2e748a1c38cfc232b031fb449e62481a.jpg</filename>
	<path>125_jpg.rf.2e748a1c38cfc232b031fb449e62481a.jpg</path>
	<source>
		<database>roboflow.com</database>
	</source>
	<size>
		<width>640</width>
		<height>640</height>
		<depth>3</depth>
	</size>
	<segmented>0</segmented>
	<object>
		<name>drowsy</name>
		<pose>Unspecified</pose>
		<truncated>0</truncated>
		<difficult>0</difficult>
		<occluded>0</occluded>
		<bndbox>
			<xmin>224</xmin>
			<xmax>346</xmax>
			<ymin>146</ymin>
			<ymax>397</ymax>
		</bndbox>
	</object>
</annotation>
