<annotation>
	<folder></folder>
	<filename>1261_jpg.rf.459b92bf394db2f1ddea76d2af799df3.jpg</filename>
	<path>1261_jpg.rf.459b92bf394db2f1ddea76d2af799df3.jpg</path>
	<source>
		<database>roboflow.com</database>
	</source>
	<size>
		<width>640</width>
		<height>640</height>
		<depth>3</depth>
	</size>
	<segmented>0</segmented>
	<object>
		<name>awake</name>
		<pose>Unspecified</pose>
		<truncated>0</truncated>
		<difficult>0</difficult>
		<occluded>0</occluded>
		<bndbox>
			<xmin>324</xmin>
			<xmax>508</xmax>
			<ymin>111</ymin>
			<ymax>467</ymax>
		</bndbox>
	</object>
</annotation>
