<annotation>
	<folder></folder>
	<filename>1266_jpg.rf.adf47735efa619346de8960bdc9669aa.jpg</filename>
	<path>1266_jpg.rf.adf47735efa619346de8960bdc9669aa.jpg</path>
	<source>
		<database>roboflow.com</database>
	</source>
	<size>
		<width>640</width>
		<height>640</height>
		<depth>3</depth>
	</size>
	<segmented>0</segmented>
	<object>
		<name>awake</name>
		<pose>Unspecified</pose>
		<truncated>0</truncated>
		<difficult>0</difficult>
		<occluded>0</occluded>
		<bndbox>
			<xmin>275</xmin>
			<xmax>466</xmax>
			<ymin>103</ymin>
			<ymax>465</ymax>
		</bndbox>
	</object>
</annotation>
