<annotation>
	<folder></folder>
	<filename>1267_jpg.rf.594b4fcfcd1ad4575fcf906f0f19904b.jpg</filename>
	<path>1267_jpg.rf.594b4fcfcd1ad4575fcf906f0f19904b.jpg</path>
	<source>
		<database>roboflow.com</database>
	</source>
	<size>
		<width>640</width>
		<height>640</height>
		<depth>3</depth>
	</size>
	<segmented>0</segmented>
	<object>
		<name>awake</name>
		<pose>Unspecified</pose>
		<truncated>0</truncated>
		<difficult>0</difficult>
		<occluded>0</occluded>
		<bndbox>
			<xmin>299</xmin>
			<xmax>485</xmax>
			<ymin>96</ymin>
			<ymax>444</ymax>
		</bndbox>
	</object>
</annotation>
