<annotation>
	<folder></folder>
	<filename>1268_jpg.rf.e4d4fef5eb18abdf010627c43e87532a.jpg</filename>
	<path>1268_jpg.rf.e4d4fef5eb18abdf010627c43e87532a.jpg</path>
	<source>
		<database>roboflow.com</database>
	</source>
	<size>
		<width>640</width>
		<height>640</height>
		<depth>3</depth>
	</size>
	<segmented>0</segmented>
	<object>
		<name>awake</name>
		<pose>Unspecified</pose>
		<truncated>0</truncated>
		<difficult>0</difficult>
		<occluded>0</occluded>
		<bndbox>
			<xmin>294</xmin>
			<xmax>482</xmax>
			<ymin>96</ymin>
			<ymax>443</ymax>
		</bndbox>
	</object>
</annotation>
