<annotation>
	<folder></folder>
	<filename>1269_jpg.rf.94da879e2bc96e8ece8777710dc60d22.jpg</filename>
	<path>1269_jpg.rf.94da879e2bc96e8ece8777710dc60d22.jpg</path>
	<source>
		<database>roboflow.com</database>
	</source>
	<size>
		<width>640</width>
		<height>640</height>
		<depth>3</depth>
	</size>
	<segmented>0</segmented>
	<object>
		<name>awake</name>
		<pose>Unspecified</pose>
		<truncated>0</truncated>
		<difficult>0</difficult>
		<occluded>0</occluded>
		<bndbox>
			<xmin>271</xmin>
			<xmax>462</xmax>
			<ymin>101</ymin>
			<ymax>447</ymax>
		</bndbox>
	</object>
</annotation>
