<annotation>
	<folder></folder>
	<filename>126_jpg.rf.dcb0b9ce78a6ca6285b2fee95eac4b92.jpg</filename>
	<path>126_jpg.rf.dcb0b9ce78a6ca6285b2fee95eac4b92.jpg</path>
	<source>
		<database>roboflow.com</database>
	</source>
	<size>
		<width>640</width>
		<height>640</height>
		<depth>3</depth>
	</size>
	<segmented>0</segmented>
	<object>
		<name>drowsy</name>
		<pose>Unspecified</pose>
		<truncated>0</truncated>
		<difficult>0</difficult>
		<occluded>0</occluded>
		<bndbox>
			<xmin>210</xmin>
			<xmax>334</xmax>
			<ymin>149</ymin>
			<ymax>393</ymax>
		</bndbox>
	</object>
</annotation>
