<annotation>
	<folder></folder>
	<filename>1270_jpg.rf.a85257c453fa5786d96c512eb7b45785.jpg</filename>
	<path>1270_jpg.rf.a85257c453fa5786d96c512eb7b45785.jpg</path>
	<source>
		<database>roboflow.com</database>
	</source>
	<size>
		<width>640</width>
		<height>640</height>
		<depth>3</depth>
	</size>
	<segmented>0</segmented>
	<object>
		<name>awake</name>
		<pose>Unspecified</pose>
		<truncated>0</truncated>
		<difficult>0</difficult>
		<occluded>0</occluded>
		<bndbox>
			<xmin>269</xmin>
			<xmax>462</xmax>
			<ymin>99</ymin>
			<ymax>447</ymax>
		</bndbox>
	</object>
</annotation>
