<annotation>
	<folder></folder>
	<filename>127_jpg.rf.b908f6514c6ec4f92cf8729ab97e28ed.jpg</filename>
	<path>127_jpg.rf.b908f6514c6ec4f92cf8729ab97e28ed.jpg</path>
	<source>
		<database>roboflow.com</database>
	</source>
	<size>
		<width>640</width>
		<height>640</height>
		<depth>3</depth>
	</size>
	<segmented>0</segmented>
	<object>
		<name>drowsy</name>
		<pose>Unspecified</pose>
		<truncated>0</truncated>
		<difficult>0</difficult>
		<occluded>0</occluded>
		<bndbox>
			<xmin>199</xmin>
			<xmax>319</xmax>
			<ymin>154</ymin>
			<ymax>389</ymax>
		</bndbox>
	</object>
</annotation>
