<annotation>
	<folder></folder>
	<filename>1281_jpg.rf.28ae987ccf533b713060ac29a47945bf.jpg</filename>
	<path>1281_jpg.rf.28ae987ccf533b713060ac29a47945bf.jpg</path>
	<source>
		<database>roboflow.com</database>
	</source>
	<size>
		<width>640</width>
		<height>640</height>
		<depth>3</depth>
	</size>
	<segmented>0</segmented>
	<object>
		<name>awake</name>
		<pose>Unspecified</pose>
		<truncated>0</truncated>
		<difficult>0</difficult>
		<occluded>0</occluded>
		<bndbox>
			<xmin>284</xmin>
			<xmax>470</xmax>
			<ymin>99</ymin>
			<ymax>503</ymax>
		</bndbox>
	</object>
</annotation>
