<annotation>
	<folder></folder>
	<filename>1282_jpg.rf.25d86f7267d3fbc8a72dd655ca5813bb.jpg</filename>
	<path>1282_jpg.rf.25d86f7267d3fbc8a72dd655ca5813bb.jpg</path>
	<source>
		<database>roboflow.com</database>
	</source>
	<size>
		<width>640</width>
		<height>640</height>
		<depth>3</depth>
	</size>
	<segmented>0</segmented>
	<object>
		<name>awake</name>
		<pose>Unspecified</pose>
		<truncated>0</truncated>
		<difficult>0</difficult>
		<occluded>0</occluded>
		<bndbox>
			<xmin>300</xmin>
			<xmax>477</xmax>
			<ymin>80</ymin>
			<ymax>447</ymax>
		</bndbox>
	</object>
</annotation>
