<annotation>
	<folder></folder>
	<filename>128_jpg.rf.f625780afde3fba1c50d6aa413922d8b.jpg</filename>
	<path>128_jpg.rf.f625780afde3fba1c50d6aa413922d8b.jpg</path>
	<source>
		<database>roboflow.com</database>
	</source>
	<size>
		<width>640</width>
		<height>640</height>
		<depth>3</depth>
	</size>
	<segmented>0</segmented>
	<object>
		<name>drowsy</name>
		<pose>Unspecified</pose>
		<truncated>0</truncated>
		<difficult>0</difficult>
		<occluded>0</occluded>
		<bndbox>
			<xmin>200</xmin>
			<xmax>316</xmax>
			<ymin>159</ymin>
			<ymax>396</ymax>
		</bndbox>
	</object>
</annotation>
