<annotation>
	<folder></folder>
	<filename>129_jpg.rf.79774768d896b087fa5e007299837938.jpg</filename>
	<path>129_jpg.rf.79774768d896b087fa5e007299837938.jpg</path>
	<source>
		<database>roboflow.com</database>
	</source>
	<size>
		<width>640</width>
		<height>640</height>
		<depth>3</depth>
	</size>
	<segmented>0</segmented>
	<object>
		<name>drowsy</name>
		<pose>Unspecified</pose>
		<truncated>0</truncated>
		<difficult>0</difficult>
		<occluded>0</occluded>
		<bndbox>
			<xmin>220</xmin>
			<xmax>343</xmax>
			<ymin>160</ymin>
			<ymax>394</ymax>
		</bndbox>
	</object>
</annotation>
