<annotation>
	<folder></folder>
	<filename>12_jpg.rf.6c5ae980aa728988ea990adce98005e3.jpg</filename>
	<path>12_jpg.rf.6c5ae980aa728988ea990adce98005e3.jpg</path>
	<source>
		<database>roboflow.com</database>
	</source>
	<size>
		<width>640</width>
		<height>640</height>
		<depth>3</depth>
	</size>
	<segmented>0</segmented>
	<object>
		<name>drowsy</name>
		<pose>Unspecified</pose>
		<truncated>0</truncated>
		<difficult>0</difficult>
		<occluded>0</occluded>
		<bndbox>
			<xmin>250</xmin>
			<xmax>382</xmax>
			<ymin>165</ymin>
			<ymax>443</ymax>
		</bndbox>
	</object>
</annotation>
