<annotation>
	<folder></folder>
	<filename>130_jpg.rf.8e0c696b26e194171979f8269e15ceaa.jpg</filename>
	<path>130_jpg.rf.8e0c696b26e194171979f8269e15ceaa.jpg</path>
	<source>
		<database>roboflow.com</database>
	</source>
	<size>
		<width>640</width>
		<height>640</height>
		<depth>3</depth>
	</size>
	<segmented>0</segmented>
	<object>
		<name>drowsy</name>
		<pose>Unspecified</pose>
		<truncated>0</truncated>
		<difficult>0</difficult>
		<occluded>0</occluded>
		<bndbox>
			<xmin>228</xmin>
			<xmax>355</xmax>
			<ymin>149</ymin>
			<ymax>394</ymax>
		</bndbox>
	</object>
</annotation>
