<annotation>
	<folder></folder>
	<filename>1318_jpg.rf.9dd465fbeb87cfdf9da16b106d3932bb.jpg</filename>
	<path>1318_jpg.rf.9dd465fbeb87cfdf9da16b106d3932bb.jpg</path>
	<source>
		<database>roboflow.com</database>
	</source>
	<size>
		<width>640</width>
		<height>640</height>
		<depth>3</depth>
	</size>
	<segmented>0</segmented>
	<object>
		<name>awake</name>
		<pose>Unspecified</pose>
		<truncated>0</truncated>
		<difficult>0</difficult>
		<occluded>0</occluded>
		<bndbox>
			<xmin>240</xmin>
			<xmax>400</xmax>
			<ymin>125</ymin>
			<ymax>472</ymax>
		</bndbox>
	</object>
</annotation>
