<annotation>
	<folder></folder>
	<filename>1319_jpg.rf.4a5a7fff382700f28ff984380d68484c.jpg</filename>
	<path>1319_jpg.rf.4a5a7fff382700f28ff984380d68484c.jpg</path>
	<source>
		<database>roboflow.com</database>
	</source>
	<size>
		<width>640</width>
		<height>640</height>
		<depth>3</depth>
	</size>
	<segmented>0</segmented>
	<object>
		<name>awake</name>
		<pose>Unspecified</pose>
		<truncated>0</truncated>
		<difficult>0</difficult>
		<occluded>0</occluded>
		<bndbox>
			<xmin>255</xmin>
			<xmax>410</xmax>
			<ymin>133</ymin>
			<ymax>474</ymax>
		</bndbox>
	</object>
</annotation>
