<annotation>
	<folder></folder>
	<filename>131_jpg.rf.06e2ad5db7789d1b30d498a1dd0b407b.jpg</filename>
	<path>131_jpg.rf.06e2ad5db7789d1b30d498a1dd0b407b.jpg</path>
	<source>
		<database>roboflow.com</database>
	</source>
	<size>
		<width>640</width>
		<height>640</height>
		<depth>3</depth>
	</size>
	<segmented>0</segmented>
	<object>
		<name>drowsy</name>
		<pose>Unspecified</pose>
		<truncated>0</truncated>
		<difficult>0</difficult>
		<occluded>0</occluded>
		<bndbox>
			<xmin>181</xmin>
			<xmax>309</xmax>
			<ymin>180</ymin>
			<ymax>431</ymax>
		</bndbox>
	</object>
</annotation>
