<annotation>
	<folder></folder>
	<filename>1320_jpg.rf.76116dff08d756733e6e7bf2de121d4a.jpg</filename>
	<path>1320_jpg.rf.76116dff08d756733e6e7bf2de121d4a.jpg</path>
	<source>
		<database>roboflow.com</database>
	</source>
	<size>
		<width>640</width>
		<height>640</height>
		<depth>3</depth>
	</size>
	<segmented>0</segmented>
	<object>
		<name>awake</name>
		<pose>Unspecified</pose>
		<truncated>0</truncated>
		<difficult>0</difficult>
		<occluded>0</occluded>
		<bndbox>
			<xmin>272</xmin>
			<xmax>419</xmax>
			<ymin>132</ymin>
			<ymax>474</ymax>
		</bndbox>
	</object>
</annotation>
