<annotation>
	<folder></folder>
	<filename>1322_jpg.rf.a1d34bff363a91a39179e23bb6152a6b.jpg</filename>
	<path>1322_jpg.rf.a1d34bff363a91a39179e23bb6152a6b.jpg</path>
	<source>
		<database>roboflow.com</database>
	</source>
	<size>
		<width>640</width>
		<height>640</height>
		<depth>3</depth>
	</size>
	<segmented>0</segmented>
	<object>
		<name>awake</name>
		<pose>Unspecified</pose>
		<truncated>0</truncated>
		<difficult>0</difficult>
		<occluded>0</occluded>
		<bndbox>
			<xmin>292</xmin>
			<xmax>431</xmax>
			<ymin>139</ymin>
			<ymax>485</ymax>
		</bndbox>
	</object>
</annotation>
