<annotation>
	<folder></folder>
	<filename>1323_jpg.rf.c8baab2cb063c12a1c4d6a965fd68522.jpg</filename>
	<path>1323_jpg.rf.c8baab2cb063c12a1c4d6a965fd68522.jpg</path>
	<source>
		<database>roboflow.com</database>
	</source>
	<size>
		<width>640</width>
		<height>640</height>
		<depth>3</depth>
	</size>
	<segmented>0</segmented>
	<object>
		<name>awake</name>
		<pose>Unspecified</pose>
		<truncated>0</truncated>
		<difficult>0</difficult>
		<occluded>0</occluded>
		<bndbox>
			<xmin>273</xmin>
			<xmax>417</xmax>
			<ymin>132</ymin>
			<ymax>478</ymax>
		</bndbox>
	</object>
</annotation>
