<annotation>
	<folder></folder>
	<filename>1324_jpg.rf.1e9e892ca0c6f8557a8c74b53e408ad8.jpg</filename>
	<path>1324_jpg.rf.1e9e892ca0c6f8557a8c74b53e408ad8.jpg</path>
	<source>
		<database>roboflow.com</database>
	</source>
	<size>
		<width>640</width>
		<height>640</height>
		<depth>3</depth>
	</size>
	<segmented>0</segmented>
	<object>
		<name>awake</name>
		<pose>Unspecified</pose>
		<truncated>0</truncated>
		<difficult>0</difficult>
		<occluded>0</occluded>
		<bndbox>
			<xmin>264</xmin>
			<xmax>411</xmax>
			<ymin>127</ymin>
			<ymax>475</ymax>
		</bndbox>
	</object>
</annotation>
