<annotation>
	<folder></folder>
	<filename>1326_jpg.rf.16403244872ee2e52d3b32d18e397cc8.jpg</filename>
	<path>1326_jpg.rf.16403244872ee2e52d3b32d18e397cc8.jpg</path>
	<source>
		<database>roboflow.com</database>
	</source>
	<size>
		<width>640</width>
		<height>640</height>
		<depth>3</depth>
	</size>
	<segmented>0</segmented>
	<object>
		<name>awake</name>
		<pose>Unspecified</pose>
		<truncated>0</truncated>
		<difficult>0</difficult>
		<occluded>0</occluded>
		<bndbox>
			<xmin>170</xmin>
			<xmax>354</xmax>
			<ymin>118</ymin>
			<ymax>452</ymax>
		</bndbox>
	</object>
</annotation>
