<annotation>
	<folder></folder>
	<filename>1327_jpg.rf.67f7ad0080e0f70a7b6c9d1bdce71017.jpg</filename>
	<path>1327_jpg.rf.67f7ad0080e0f70a7b6c9d1bdce71017.jpg</path>
	<source>
		<database>roboflow.com</database>
	</source>
	<size>
		<width>640</width>
		<height>640</height>
		<depth>3</depth>
	</size>
	<segmented>0</segmented>
	<object>
		<name>awake</name>
		<pose>Unspecified</pose>
		<truncated>0</truncated>
		<difficult>0</difficult>
		<occluded>0</occluded>
		<bndbox>
			<xmin>181</xmin>
			<xmax>365</xmax>
			<ymin>116</ymin>
			<ymax>456</ymax>
		</bndbox>
	</object>
</annotation>
