<annotation>
	<folder></folder>
	<filename>132_jpg.rf.0f4a77eab23c9b6d7373422d3743ac8e.jpg</filename>
	<path>132_jpg.rf.0f4a77eab23c9b6d7373422d3743ac8e.jpg</path>
	<source>
		<database>roboflow.com</database>
	</source>
	<size>
		<width>640</width>
		<height>640</height>
		<depth>3</depth>
	</size>
	<segmented>0</segmented>
	<object>
		<name>drowsy</name>
		<pose>Unspecified</pose>
		<truncated>0</truncated>
		<difficult>0</difficult>
		<occluded>0</occluded>
		<bndbox>
			<xmin>181</xmin>
			<xmax>307</xmax>
			<ymin>180</ymin>
			<ymax>417</ymax>
		</bndbox>
	</object>
</annotation>
