<annotation>
	<folder></folder>
	<filename>1332_jpg.rf.88ca69b9ab4357fe417da6e1f0beee37.jpg</filename>
	<path>1332_jpg.rf.88ca69b9ab4357fe417da6e1f0beee37.jpg</path>
	<source>
		<database>roboflow.com</database>
	</source>
	<size>
		<width>640</width>
		<height>640</height>
		<depth>3</depth>
	</size>
	<segmented>0</segmented>
	<object>
		<name>awake</name>
		<pose>Unspecified</pose>
		<truncated>0</truncated>
		<difficult>0</difficult>
		<occluded>0</occluded>
		<bndbox>
			<xmin>222</xmin>
			<xmax>382</xmax>
			<ymin>123</ymin>
			<ymax>464</ymax>
		</bndbox>
	</object>
</annotation>
