<annotation>
	<folder></folder>
	<filename>1333_jpg.rf.fd19614c56e8bb28115a04eddf8db548.jpg</filename>
	<path>1333_jpg.rf.fd19614c56e8bb28115a04eddf8db548.jpg</path>
	<source>
		<database>roboflow.com</database>
	</source>
	<size>
		<width>640</width>
		<height>640</height>
		<depth>3</depth>
	</size>
	<segmented>0</segmented>
	<object>
		<name>awake</name>
		<pose>Unspecified</pose>
		<truncated>0</truncated>
		<difficult>0</difficult>
		<occluded>0</occluded>
		<bndbox>
			<xmin>241</xmin>
			<xmax>398</xmax>
			<ymin>134</ymin>
			<ymax>468</ymax>
		</bndbox>
	</object>
</annotation>
