<annotation>
	<folder></folder>
	<filename>1334_jpg.rf.19df8c3543659e28af74003382c0bb8a.jpg</filename>
	<path>1334_jpg.rf.19df8c3543659e28af74003382c0bb8a.jpg</path>
	<source>
		<database>roboflow.com</database>
	</source>
	<size>
		<width>640</width>
		<height>640</height>
		<depth>3</depth>
	</size>
	<segmented>0</segmented>
	<object>
		<name>awake</name>
		<pose>Unspecified</pose>
		<truncated>0</truncated>
		<difficult>0</difficult>
		<occluded>0</occluded>
		<bndbox>
			<xmin>223</xmin>
			<xmax>380</xmax>
			<ymin>107</ymin>
			<ymax>447</ymax>
		</bndbox>
	</object>
</annotation>
