<annotation>
	<folder></folder>
	<filename>134_jpg.rf.d06b33d95eb06af68ceeeb5bc4c17032.jpg</filename>
	<path>134_jpg.rf.d06b33d95eb06af68ceeeb5bc4c17032.jpg</path>
	<source>
		<database>roboflow.com</database>
	</source>
	<size>
		<width>640</width>
		<height>640</height>
		<depth>3</depth>
	</size>
	<segmented>0</segmented>
	<object>
		<name>drowsy</name>
		<pose>Unspecified</pose>
		<truncated>0</truncated>
		<difficult>0</difficult>
		<occluded>0</occluded>
		<bndbox>
			<xmin>242</xmin>
			<xmax>371</xmax>
			<ymin>212</ymin>
			<ymax>459</ymax>
		</bndbox>
	</object>
</annotation>
