<annotation>
	<folder></folder>
	<filename>1356_jpg.rf.1fa08051cd7b3e878196bf800925925e.jpg</filename>
	<path>1356_jpg.rf.1fa08051cd7b3e878196bf800925925e.jpg</path>
	<source>
		<database>roboflow.com</database>
	</source>
	<size>
		<width>640</width>
		<height>640</height>
		<depth>3</depth>
	</size>
	<segmented>0</segmented>
	<object>
		<name>awake</name>
		<pose>Unspecified</pose>
		<truncated>0</truncated>
		<difficult>0</difficult>
		<occluded>0</occluded>
		<bndbox>
			<xmin>302</xmin>
			<xmax>445</xmax>
			<ymin>69</ymin>
			<ymax>411</ymax>
		</bndbox>
	</object>
</annotation>
