<annotation>
	<folder></folder>
	<filename>1357_jpg.rf.ae23f42ee1df797429720b264f801099.jpg</filename>
	<path>1357_jpg.rf.ae23f42ee1df797429720b264f801099.jpg</path>
	<source>
		<database>roboflow.com</database>
	</source>
	<size>
		<width>640</width>
		<height>640</height>
		<depth>3</depth>
	</size>
	<segmented>0</segmented>
	<object>
		<name>awake</name>
		<pose>Unspecified</pose>
		<truncated>0</truncated>
		<difficult>0</difficult>
		<occluded>0</occluded>
		<bndbox>
			<xmin>237</xmin>
			<xmax>432</xmax>
			<ymin>56</ymin>
			<ymax>411</ymax>
		</bndbox>
	</object>
</annotation>
