<annotation>
	<folder></folder>
	<filename>1359_jpg.rf.356d927e41c5ca92c88350401ebe19a8.jpg</filename>
	<path>1359_jpg.rf.356d927e41c5ca92c88350401ebe19a8.jpg</path>
	<source>
		<database>roboflow.com</database>
	</source>
	<size>
		<width>640</width>
		<height>640</height>
		<depth>3</depth>
	</size>
	<segmented>0</segmented>
	<object>
		<name>awake</name>
		<pose>Unspecified</pose>
		<truncated>0</truncated>
		<difficult>0</difficult>
		<occluded>0</occluded>
		<bndbox>
			<xmin>216</xmin>
			<xmax>413</xmax>
			<ymin>60</ymin>
			<ymax>411</ymax>
		</bndbox>
	</object>
</annotation>
