<annotation>
	<folder></folder>
	<filename>135_jpg.rf.ac76846ed118dbe72892ac7e804bbf93.jpg</filename>
	<path>135_jpg.rf.ac76846ed118dbe72892ac7e804bbf93.jpg</path>
	<source>
		<database>roboflow.com</database>
	</source>
	<size>
		<width>640</width>
		<height>640</height>
		<depth>3</depth>
	</size>
	<segmented>0</segmented>
	<object>
		<name>drowsy</name>
		<pose>Unspecified</pose>
		<truncated>0</truncated>
		<difficult>0</difficult>
		<occluded>0</occluded>
		<bndbox>
			<xmin>240</xmin>
			<xmax>371</xmax>
			<ymin>222</ymin>
			<ymax>455</ymax>
		</bndbox>
	</object>
</annotation>
