<annotation>
	<folder></folder>
	<filename>1362_jpg.rf.c44bddc60623c553412a3bd0775446e8.jpg</filename>
	<path>1362_jpg.rf.c44bddc60623c553412a3bd0775446e8.jpg</path>
	<source>
		<database>roboflow.com</database>
	</source>
	<size>
		<width>640</width>
		<height>640</height>
		<depth>3</depth>
	</size>
	<segmented>0</segmented>
	<object>
		<name>awake</name>
		<pose>Unspecified</pose>
		<truncated>0</truncated>
		<difficult>0</difficult>
		<occluded>0</occluded>
		<bndbox>
			<xmin>226</xmin>
			<xmax>420</xmax>
			<ymin>58</ymin>
			<ymax>422</ymax>
		</bndbox>
	</object>
</annotation>
