<annotation>
	<folder></folder>
	<filename>1363_jpg.rf.3f36d3857b6d6422a5b1727efe26a6c7.jpg</filename>
	<path>1363_jpg.rf.3f36d3857b6d6422a5b1727efe26a6c7.jpg</path>
	<source>
		<database>roboflow.com</database>
	</source>
	<size>
		<width>640</width>
		<height>640</height>
		<depth>3</depth>
	</size>
	<segmented>0</segmented>
	<object>
		<name>awake</name>
		<pose>Unspecified</pose>
		<truncated>0</truncated>
		<difficult>0</difficult>
		<occluded>0</occluded>
		<bndbox>
			<xmin>150</xmin>
			<xmax>353</xmax>
			<ymin>66</ymin>
			<ymax>429</ymax>
		</bndbox>
	</object>
</annotation>
