<annotation>
	<folder></folder>
	<filename>1367_jpg.rf.ee151abdfd78ffe177a92bbeae5692ad.jpg</filename>
	<path>1367_jpg.rf.ee151abdfd78ffe177a92bbeae5692ad.jpg</path>
	<source>
		<database>roboflow.com</database>
	</source>
	<size>
		<width>640</width>
		<height>640</height>
		<depth>3</depth>
	</size>
	<segmented>0</segmented>
	<object>
		<name>awake</name>
		<pose>Unspecified</pose>
		<truncated>0</truncated>
		<difficult>0</difficult>
		<occluded>0</occluded>
		<bndbox>
			<xmin>224</xmin>
			<xmax>417</xmax>
			<ymin>63</ymin>
			<ymax>421</ymax>
		</bndbox>
	</object>
</annotation>
