<annotation>
	<folder></folder>
	<filename>1368_jpg.rf.117929457b67aa1f5517411214638206.jpg</filename>
	<path>1368_jpg.rf.117929457b67aa1f5517411214638206.jpg</path>
	<source>
		<database>roboflow.com</database>
	</source>
	<size>
		<width>640</width>
		<height>640</height>
		<depth>3</depth>
	</size>
	<segmented>0</segmented>
	<object>
		<name>awake</name>
		<pose>Unspecified</pose>
		<truncated>0</truncated>
		<difficult>0</difficult>
		<occluded>0</occluded>
		<bndbox>
			<xmin>207</xmin>
			<xmax>403</xmax>
			<ymin>59</ymin>
			<ymax>412</ymax>
		</bndbox>
	</object>
</annotation>
