<annotation>
	<folder></folder>
	<filename>1369_jpg.rf.b584da896dd3da1e773d0cc1ed08cb82.jpg</filename>
	<path>1369_jpg.rf.b584da896dd3da1e773d0cc1ed08cb82.jpg</path>
	<source>
		<database>roboflow.com</database>
	</source>
	<size>
		<width>640</width>
		<height>640</height>
		<depth>3</depth>
	</size>
	<segmented>0</segmented>
	<object>
		<name>awake</name>
		<pose>Unspecified</pose>
		<truncated>0</truncated>
		<difficult>0</difficult>
		<occluded>0</occluded>
		<bndbox>
			<xmin>248</xmin>
			<xmax>434</xmax>
			<ymin>64</ymin>
			<ymax>420</ymax>
		</bndbox>
	</object>
</annotation>
