<annotation>
	<folder></folder>
	<filename>136_jpg.rf.48f8ed5d5e32adaa27eb74f2f2386b09.jpg</filename>
	<path>136_jpg.rf.48f8ed5d5e32adaa27eb74f2f2386b09.jpg</path>
	<source>
		<database>roboflow.com</database>
	</source>
	<size>
		<width>640</width>
		<height>640</height>
		<depth>3</depth>
	</size>
	<segmented>0</segmented>
	<object>
		<name>awake</name>
		<pose>Unspecified</pose>
		<truncated>0</truncated>
		<difficult>0</difficult>
		<occluded>0</occluded>
		<bndbox>
			<xmin>102</xmin>
			<xmax>287</xmax>
			<ymin>84</ymin>
			<ymax>423</ymax>
		</bndbox>
	</object>
</annotation>
