<annotation>
	<folder></folder>
	<filename>1370_jpg.rf.dcca6bf9a285b260a70598b55a6c13bb.jpg</filename>
	<path>1370_jpg.rf.dcca6bf9a285b260a70598b55a6c13bb.jpg</path>
	<source>
		<database>roboflow.com</database>
	</source>
	<size>
		<width>640</width>
		<height>640</height>
		<depth>3</depth>
	</size>
	<segmented>0</segmented>
	<object>
		<name>awake</name>
		<pose>Unspecified</pose>
		<truncated>0</truncated>
		<difficult>0</difficult>
		<occluded>0</occluded>
		<bndbox>
			<xmin>251</xmin>
			<xmax>435</xmax>
			<ymin>62</ymin>
			<ymax>417</ymax>
		</bndbox>
	</object>
</annotation>
