<annotation>
	<folder></folder>
	<filename>1371_jpg.rf.7f6dcdb78078f076dd569da83f24bc1c.jpg</filename>
	<path>1371_jpg.rf.7f6dcdb78078f076dd569da83f24bc1c.jpg</path>
	<source>
		<database>roboflow.com</database>
	</source>
	<size>
		<width>640</width>
		<height>640</height>
		<depth>3</depth>
	</size>
	<segmented>0</segmented>
	<object>
		<name>awake</name>
		<pose>Unspecified</pose>
		<truncated>0</truncated>
		<difficult>0</difficult>
		<occluded>0</occluded>
		<bndbox>
			<xmin>231</xmin>
			<xmax>418</xmax>
			<ymin>57</ymin>
			<ymax>411</ymax>
		</bndbox>
	</object>
</annotation>
