<annotation>
	<folder></folder>
	<filename>1374_jpg.rf.7a92dc8c1fc06c7079a51a9772371c3c.jpg</filename>
	<path>1374_jpg.rf.7a92dc8c1fc06c7079a51a9772371c3c.jpg</path>
	<source>
		<database>roboflow.com</database>
	</source>
	<size>
		<width>640</width>
		<height>640</height>
		<depth>3</depth>
	</size>
	<segmented>0</segmented>
	<object>
		<name>awake</name>
		<pose>Unspecified</pose>
		<truncated>0</truncated>
		<difficult>0</difficult>
		<occluded>0</occluded>
		<bndbox>
			<xmin>263</xmin>
			<xmax>424</xmax>
			<ymin>111</ymin>
			<ymax>453</ymax>
		</bndbox>
	</object>
</annotation>
