<annotation>
	<folder></folder>
	<filename>1376_jpg.rf.0dbf21c275474cbeefe144a31c42a01c.jpg</filename>
	<path>1376_jpg.rf.0dbf21c275474cbeefe144a31c42a01c.jpg</path>
	<source>
		<database>roboflow.com</database>
	</source>
	<size>
		<width>640</width>
		<height>640</height>
		<depth>3</depth>
	</size>
	<segmented>0</segmented>
	<object>
		<name>awake</name>
		<pose>Unspecified</pose>
		<truncated>0</truncated>
		<difficult>0</difficult>
		<occluded>0</occluded>
		<bndbox>
			<xmin>258</xmin>
			<xmax>420</xmax>
			<ymin>118</ymin>
			<ymax>459</ymax>
		</bndbox>
	</object>
</annotation>
