<annotation>
	<folder></folder>
	<filename>1378_jpg.rf.32d2e09c2cfe75d776f621e920c9bf93.jpg</filename>
	<path>1378_jpg.rf.32d2e09c2cfe75d776f621e920c9bf93.jpg</path>
	<source>
		<database>roboflow.com</database>
	</source>
	<size>
		<width>640</width>
		<height>640</height>
		<depth>3</depth>
	</size>
	<segmented>0</segmented>
	<object>
		<name>awake</name>
		<pose>Unspecified</pose>
		<truncated>0</truncated>
		<difficult>0</difficult>
		<occluded>0</occluded>
		<bndbox>
			<xmin>248</xmin>
			<xmax>415</xmax>
			<ymin>131</ymin>
			<ymax>465</ymax>
		</bndbox>
	</object>
</annotation>
