<annotation>
	<folder></folder>
	<filename>137_jpg.rf.870405ac479a9b0a5ce32eee1f5857fa.jpg</filename>
	<path>137_jpg.rf.870405ac479a9b0a5ce32eee1f5857fa.jpg</path>
	<source>
		<database>roboflow.com</database>
	</source>
	<size>
		<width>640</width>
		<height>640</height>
		<depth>3</depth>
	</size>
	<segmented>0</segmented>
	<object>
		<name>awake</name>
		<pose>Unspecified</pose>
		<truncated>0</truncated>
		<difficult>0</difficult>
		<occluded>0</occluded>
		<bndbox>
			<xmin>100</xmin>
			<xmax>279</xmax>
			<ymin>77</ymin>
			<ymax>411</ymax>
		</bndbox>
	</object>
</annotation>
