<annotation>
	<folder></folder>
	<filename>138_jpg.rf.e9f828b94c65d949aeb1d3c1658a1645.jpg</filename>
	<path>138_jpg.rf.e9f828b94c65d949aeb1d3c1658a1645.jpg</path>
	<source>
		<database>roboflow.com</database>
	</source>
	<size>
		<width>640</width>
		<height>640</height>
		<depth>3</depth>
	</size>
	<segmented>0</segmented>
	<object>
		<name>awake</name>
		<pose>Unspecified</pose>
		<truncated>0</truncated>
		<difficult>0</difficult>
		<occluded>0</occluded>
		<bndbox>
			<xmin>91</xmin>
			<xmax>281</xmax>
			<ymin>60</ymin>
			<ymax>402</ymax>
		</bndbox>
	</object>
</annotation>
