<annotation>
	<folder></folder>
	<filename>139_jpg.rf.030f0c1fbfa09902486202b18f404b18.jpg</filename>
	<path>139_jpg.rf.030f0c1fbfa09902486202b18f404b18.jpg</path>
	<source>
		<database>roboflow.com</database>
	</source>
	<size>
		<width>640</width>
		<height>640</height>
		<depth>3</depth>
	</size>
	<segmented>0</segmented>
	<object>
		<name>drowsy</name>
		<pose>Unspecified</pose>
		<truncated>0</truncated>
		<difficult>0</difficult>
		<occluded>0</occluded>
		<bndbox>
			<xmin>182</xmin>
			<xmax>298</xmax>
			<ymin>133</ymin>
			<ymax>429</ymax>
		</bndbox>
	</object>
</annotation>
