<annotation>
	<folder></folder>
	<filename>140_jpg.rf.128feea05a8617d38d1efbe85b586edf.jpg</filename>
	<path>140_jpg.rf.128feea05a8617d38d1efbe85b586edf.jpg</path>
	<source>
		<database>roboflow.com</database>
	</source>
	<size>
		<width>640</width>
		<height>640</height>
		<depth>3</depth>
	</size>
	<segmented>0</segmented>
	<object>
		<name>drowsy</name>
		<pose>Unspecified</pose>
		<truncated>0</truncated>
		<difficult>0</difficult>
		<occluded>0</occluded>
		<bndbox>
			<xmin>186</xmin>
			<xmax>299</xmax>
			<ymin>131</ymin>
			<ymax>416</ymax>
		</bndbox>
	</object>
</annotation>
