<annotation>
	<folder></folder>
	<filename>1411_jpg.rf.fee6cd409708547ebe4002f7ce2399f7.jpg</filename>
	<path>1411_jpg.rf.fee6cd409708547ebe4002f7ce2399f7.jpg</path>
	<source>
		<database>roboflow.com</database>
	</source>
	<size>
		<width>640</width>
		<height>640</height>
		<depth>3</depth>
	</size>
	<segmented>0</segmented>
	<object>
		<name>awake</name>
		<pose>Unspecified</pose>
		<truncated>0</truncated>
		<difficult>0</difficult>
		<occluded>0</occluded>
		<bndbox>
			<xmin>261</xmin>
			<xmax>431</xmax>
			<ymin>127</ymin>
			<ymax>465</ymax>
		</bndbox>
	</object>
</annotation>
