<annotation>
	<folder></folder>
	<filename>1412_jpg.rf.2a5fcdf3aa1b4a2eeb11729ef6490618.jpg</filename>
	<path>1412_jpg.rf.2a5fcdf3aa1b4a2eeb11729ef6490618.jpg</path>
	<source>
		<database>roboflow.com</database>
	</source>
	<size>
		<width>640</width>
		<height>640</height>
		<depth>3</depth>
	</size>
	<segmented>0</segmented>
	<object>
		<name>awake</name>
		<pose>Unspecified</pose>
		<truncated>0</truncated>
		<difficult>0</difficult>
		<occluded>0</occluded>
		<bndbox>
			<xmin>263</xmin>
			<xmax>428</xmax>
			<ymin>125</ymin>
			<ymax>463</ymax>
		</bndbox>
	</object>
</annotation>
