<annotation>
	<folder></folder>
	<filename>1413_jpg.rf.20d2bf0295e817d71b8f6b2dc9f6ae91.jpg</filename>
	<path>1413_jpg.rf.20d2bf0295e817d71b8f6b2dc9f6ae91.jpg</path>
	<source>
		<database>roboflow.com</database>
	</source>
	<size>
		<width>640</width>
		<height>640</height>
		<depth>3</depth>
	</size>
	<segmented>0</segmented>
	<object>
		<name>awake</name>
		<pose>Unspecified</pose>
		<truncated>0</truncated>
		<difficult>0</difficult>
		<occluded>0</occluded>
		<bndbox>
			<xmin>256</xmin>
			<xmax>424</xmax>
			<ymin>127</ymin>
			<ymax>467</ymax>
		</bndbox>
	</object>
</annotation>
