<annotation>
	<folder></folder>
	<filename>141_jpg.rf.475f764ec50322f09709e1f85d9cd3f5.jpg</filename>
	<path>141_jpg.rf.475f764ec50322f09709e1f85d9cd3f5.jpg</path>
	<source>
		<database>roboflow.com</database>
	</source>
	<size>
		<width>640</width>
		<height>640</height>
		<depth>3</depth>
	</size>
	<segmented>0</segmented>
	<object>
		<name>drowsy</name>
		<pose>Unspecified</pose>
		<truncated>0</truncated>
		<difficult>0</difficult>
		<occluded>0</occluded>
		<bndbox>
			<xmin>174</xmin>
			<xmax>295</xmax>
			<ymin>135</ymin>
			<ymax>427</ymax>
		</bndbox>
	</object>
</annotation>
