<annotation>
	<folder></folder>
	<filename>141_jpg.rf.ab93737f9fdf39cf095f30f6836010c9.jpg</filename>
	<path>141_jpg.rf.ab93737f9fdf39cf095f30f6836010c9.jpg</path>
	<source>
		<database>roboflow.com</database>
	</source>
	<size>
		<width>640</width>
		<height>640</height>
		<depth>3</depth>
	</size>
	<segmented>0</segmented>
	<object>
		<name>awake</name>
		<pose>Unspecified</pose>
		<truncated>0</truncated>
		<difficult>0</difficult>
		<occluded>0</occluded>
		<bndbox>
			<xmin>93</xmin>
			<xmax>290</xmax>
			<ymin>89</ymin>
			<ymax>464</ymax>
		</bndbox>
	</object>
</annotation>
