<annotation>
	<folder></folder>
	<filename>142_jpg.rf.0890c080bebfe8a0e154dea3e4fe5b3f.jpg</filename>
	<path>142_jpg.rf.0890c080bebfe8a0e154dea3e4fe5b3f.jpg</path>
	<source>
		<database>roboflow.com</database>
	</source>
	<size>
		<width>640</width>
		<height>640</height>
		<depth>3</depth>
	</size>
	<segmented>0</segmented>
	<object>
		<name>drowsy</name>
		<pose>Unspecified</pose>
		<truncated>0</truncated>
		<difficult>0</difficult>
		<occluded>0</occluded>
		<bndbox>
			<xmin>174</xmin>
			<xmax>296</xmax>
			<ymin>140</ymin>
			<ymax>435</ymax>
		</bndbox>
	</object>
</annotation>
