<annotation>
	<folder></folder>
	<filename>142_jpg.rf.fe5fae5b63228db690e3460b6a2b94ff.jpg</filename>
	<path>142_jpg.rf.fe5fae5b63228db690e3460b6a2b94ff.jpg</path>
	<source>
		<database>roboflow.com</database>
	</source>
	<size>
		<width>640</width>
		<height>640</height>
		<depth>3</depth>
	</size>
	<segmented>0</segmented>
	<object>
		<name>awake</name>
		<pose>Unspecified</pose>
		<truncated>0</truncated>
		<difficult>0</difficult>
		<occluded>0</occluded>
		<bndbox>
			<xmin>126</xmin>
			<xmax>303</xmax>
			<ymin>75</ymin>
			<ymax>458</ymax>
		</bndbox>
	</object>
</annotation>
