<annotation>
	<folder></folder>
	<filename>143_jpg.rf.07d7dbf79c7ec16bdcb02ba85233b4f0.jpg</filename>
	<path>143_jpg.rf.07d7dbf79c7ec16bdcb02ba85233b4f0.jpg</path>
	<source>
		<database>roboflow.com</database>
	</source>
	<size>
		<width>640</width>
		<height>640</height>
		<depth>3</depth>
	</size>
	<segmented>0</segmented>
	<object>
		<name>drowsy</name>
		<pose>Unspecified</pose>
		<truncated>0</truncated>
		<difficult>0</difficult>
		<occluded>0</occluded>
		<bndbox>
			<xmin>169</xmin>
			<xmax>297</xmax>
			<ymin>139</ymin>
			<ymax>434</ymax>
		</bndbox>
	</object>
</annotation>
