<annotation>
	<folder></folder>
	<filename>1447_jpg.rf.d39b8a4b58ab4f00c6bc198895424a33.jpg</filename>
	<path>1447_jpg.rf.d39b8a4b58ab4f00c6bc198895424a33.jpg</path>
	<source>
		<database>roboflow.com</database>
	</source>
	<size>
		<width>640</width>
		<height>640</height>
		<depth>3</depth>
	</size>
	<segmented>0</segmented>
	<object>
		<name>awake</name>
		<pose>Unspecified</pose>
		<truncated>0</truncated>
		<difficult>0</difficult>
		<occluded>0</occluded>
		<bndbox>
			<xmin>354</xmin>
			<xmax>482</xmax>
			<ymin>146</ymin>
			<ymax>437</ymax>
		</bndbox>
	</object>
</annotation>
