<annotation>
	<folder></folder>
	<filename>1448_jpg.rf.35f9c208737be9c9a7ec3e350a6cb29e.jpg</filename>
	<path>1448_jpg.rf.35f9c208737be9c9a7ec3e350a6cb29e.jpg</path>
	<source>
		<database>roboflow.com</database>
	</source>
	<size>
		<width>640</width>
		<height>640</height>
		<depth>3</depth>
	</size>
	<segmented>0</segmented>
	<object>
		<name>awake</name>
		<pose>Unspecified</pose>
		<truncated>0</truncated>
		<difficult>0</difficult>
		<occluded>0</occluded>
		<bndbox>
			<xmin>372</xmin>
			<xmax>490</xmax>
			<ymin>146</ymin>
			<ymax>437</ymax>
		</bndbox>
	</object>
</annotation>
