<annotation>
	<folder></folder>
	<filename>1449_jpg.rf.e21a39300babd7e11b152300a0f2de83.jpg</filename>
	<path>1449_jpg.rf.e21a39300babd7e11b152300a0f2de83.jpg</path>
	<source>
		<database>roboflow.com</database>
	</source>
	<size>
		<width>640</width>
		<height>640</height>
		<depth>3</depth>
	</size>
	<segmented>0</segmented>
	<object>
		<name>awake</name>
		<pose>Unspecified</pose>
		<truncated>0</truncated>
		<difficult>0</difficult>
		<occluded>0</occluded>
		<bndbox>
			<xmin>364</xmin>
			<xmax>489</xmax>
			<ymin>144</ymin>
			<ymax>437</ymax>
		</bndbox>
	</object>
</annotation>
