<annotation>
	<folder></folder>
	<filename>144_jpg.rf.6f744db187b227c0df2cd42402d08f79.jpg</filename>
	<path>144_jpg.rf.6f744db187b227c0df2cd42402d08f79.jpg</path>
	<source>
		<database>roboflow.com</database>
	</source>
	<size>
		<width>640</width>
		<height>640</height>
		<depth>3</depth>
	</size>
	<segmented>0</segmented>
	<object>
		<name>drowsy</name>
		<pose>Unspecified</pose>
		<truncated>0</truncated>
		<difficult>0</difficult>
		<occluded>0</occluded>
		<bndbox>
			<xmin>152</xmin>
			<xmax>299</xmax>
			<ymin>156</ymin>
			<ymax>452</ymax>
		</bndbox>
	</object>
</annotation>
