<annotation>
	<folder></folder>
	<filename>144_jpg.rf.bb6e766a7f4ddc1a69d46f3071f8c35a.jpg</filename>
	<path>144_jpg.rf.bb6e766a7f4ddc1a69d46f3071f8c35a.jpg</path>
	<source>
		<database>roboflow.com</database>
	</source>
	<size>
		<width>640</width>
		<height>640</height>
		<depth>3</depth>
	</size>
	<segmented>0</segmented>
	<object>
		<name>awake</name>
		<pose>Unspecified</pose>
		<truncated>0</truncated>
		<difficult>0</difficult>
		<occluded>0</occluded>
		<bndbox>
			<xmin>177</xmin>
			<xmax>330</xmax>
			<ymin>88</ymin>
			<ymax>445</ymax>
		</bndbox>
	</object>
</annotation>
