<annotation>
	<folder></folder>
	<filename>1450_jpg.rf.23943cb31895969f3c5d5794b518e538.jpg</filename>
	<path>1450_jpg.rf.23943cb31895969f3c5d5794b518e538.jpg</path>
	<source>
		<database>roboflow.com</database>
	</source>
	<size>
		<width>640</width>
		<height>640</height>
		<depth>3</depth>
	</size>
	<segmented>0</segmented>
	<object>
		<name>awake</name>
		<pose>Unspecified</pose>
		<truncated>0</truncated>
		<difficult>0</difficult>
		<occluded>0</occluded>
		<bndbox>
			<xmin>357</xmin>
			<xmax>483</xmax>
			<ymin>151</ymin>
			<ymax>440</ymax>
		</bndbox>
	</object>
</annotation>
