<annotation>
	<folder></folder>
	<filename>1451_jpg.rf.ed1c108736f2c2a11f98ee9da95482c2.jpg</filename>
	<path>1451_jpg.rf.ed1c108736f2c2a11f98ee9da95482c2.jpg</path>
	<source>
		<database>roboflow.com</database>
	</source>
	<size>
		<width>640</width>
		<height>640</height>
		<depth>3</depth>
	</size>
	<segmented>0</segmented>
	<object>
		<name>awake</name>
		<pose>Unspecified</pose>
		<truncated>0</truncated>
		<difficult>0</difficult>
		<occluded>0</occluded>
		<bndbox>
			<xmin>346</xmin>
			<xmax>481</xmax>
			<ymin>155</ymin>
			<ymax>444</ymax>
		</bndbox>
	</object>
</annotation>
