<annotation>
	<folder></folder>
	<filename>1452_jpg.rf.66bd77d85aeba60a2f51c2e4e1bc164b.jpg</filename>
	<path>1452_jpg.rf.66bd77d85aeba60a2f51c2e4e1bc164b.jpg</path>
	<source>
		<database>roboflow.com</database>
	</source>
	<size>
		<width>640</width>
		<height>640</height>
		<depth>3</depth>
	</size>
	<segmented>0</segmented>
	<object>
		<name>awake</name>
		<pose>Unspecified</pose>
		<truncated>0</truncated>
		<difficult>0</difficult>
		<occluded>0</occluded>
		<bndbox>
			<xmin>336</xmin>
			<xmax>503</xmax>
			<ymin>102</ymin>
			<ymax>454</ymax>
		</bndbox>
	</object>
</annotation>
