<annotation>
	<folder></folder>
	<filename>1459_jpg.rf.78b93e2866715d64054669016beeb3f9.jpg</filename>
	<path>1459_jpg.rf.78b93e2866715d64054669016beeb3f9.jpg</path>
	<source>
		<database>roboflow.com</database>
	</source>
	<size>
		<width>640</width>
		<height>640</height>
		<depth>3</depth>
	</size>
	<segmented>0</segmented>
	<object>
		<name>awake</name>
		<pose>Unspecified</pose>
		<truncated>0</truncated>
		<difficult>0</difficult>
		<occluded>0</occluded>
		<bndbox>
			<xmin>334</xmin>
			<xmax>507</xmax>
			<ymin>104</ymin>
			<ymax>461</ymax>
		</bndbox>
	</object>
</annotation>
