<annotation>
	<folder></folder>
	<filename>145_jpg.rf.385fb063c22e5a5ce70827523a8725a6.jpg</filename>
	<path>145_jpg.rf.385fb063c22e5a5ce70827523a8725a6.jpg</path>
	<source>
		<database>roboflow.com</database>
	</source>
	<size>
		<width>640</width>
		<height>640</height>
		<depth>3</depth>
	</size>
	<segmented>0</segmented>
	<object>
		<name>awake</name>
		<pose>Unspecified</pose>
		<truncated>0</truncated>
		<difficult>0</difficult>
		<occluded>0</occluded>
		<bndbox>
			<xmin>158</xmin>
			<xmax>316</xmax>
			<ymin>80</ymin>
			<ymax>444</ymax>
		</bndbox>
	</object>
</annotation>
