<annotation>
	<folder></folder>
	<filename>145_jpg.rf.cacd909d1ff958877868cbea33f2294b.jpg</filename>
	<path>145_jpg.rf.cacd909d1ff958877868cbea33f2294b.jpg</path>
	<source>
		<database>roboflow.com</database>
	</source>
	<size>
		<width>640</width>
		<height>640</height>
		<depth>3</depth>
	</size>
	<segmented>0</segmented>
	<object>
		<name>drowsy</name>
		<pose>Unspecified</pose>
		<truncated>0</truncated>
		<difficult>0</difficult>
		<occluded>0</occluded>
		<bndbox>
			<xmin>147</xmin>
			<xmax>292</xmax>
			<ymin>163</ymin>
			<ymax>453</ymax>
		</bndbox>
	</object>
</annotation>
