<annotation>
	<folder></folder>
	<filename>1460_jpg.rf.8d73d753fe897d14fd216392178bd1a3.jpg</filename>
	<path>1460_jpg.rf.8d73d753fe897d14fd216392178bd1a3.jpg</path>
	<source>
		<database>roboflow.com</database>
	</source>
	<size>
		<width>640</width>
		<height>640</height>
		<depth>3</depth>
	</size>
	<segmented>0</segmented>
	<object>
		<name>awake</name>
		<pose>Unspecified</pose>
		<truncated>0</truncated>
		<difficult>0</difficult>
		<occluded>0</occluded>
		<bndbox>
			<xmin>335</xmin>
			<xmax>507</xmax>
			<ymin>99</ymin>
			<ymax>458</ymax>
		</bndbox>
	</object>
</annotation>
