<annotation>
	<folder></folder>
	<filename>1461_jpg.rf.fff63695b82c86ce6743323a31533050.jpg</filename>
	<path>1461_jpg.rf.fff63695b82c86ce6743323a31533050.jpg</path>
	<source>
		<database>roboflow.com</database>
	</source>
	<size>
		<width>640</width>
		<height>640</height>
		<depth>3</depth>
	</size>
	<segmented>0</segmented>
	<object>
		<name>awake</name>
		<pose>Unspecified</pose>
		<truncated>0</truncated>
		<difficult>0</difficult>
		<occluded>0</occluded>
		<bndbox>
			<xmin>307</xmin>
			<xmax>487</xmax>
			<ymin>96</ymin>
			<ymax>463</ymax>
		</bndbox>
	</object>
</annotation>
