<annotation>
	<folder></folder>
	<filename>1462_jpg.rf.f71df2bf465d8439197fe8cc8c51a1cb.jpg</filename>
	<path>1462_jpg.rf.f71df2bf465d8439197fe8cc8c51a1cb.jpg</path>
	<source>
		<database>roboflow.com</database>
	</source>
	<size>
		<width>640</width>
		<height>640</height>
		<depth>3</depth>
	</size>
	<segmented>0</segmented>
	<object>
		<name>awake</name>
		<pose>Unspecified</pose>
		<truncated>0</truncated>
		<difficult>0</difficult>
		<occluded>0</occluded>
		<bndbox>
			<xmin>312</xmin>
			<xmax>496</xmax>
			<ymin>102</ymin>
			<ymax>468</ymax>
		</bndbox>
	</object>
</annotation>
