<annotation>
	<folder></folder>
	<filename>1463_jpg.rf.f4863e0b7b7d86e041ccada2f500eb8f.jpg</filename>
	<path>1463_jpg.rf.f4863e0b7b7d86e041ccada2f500eb8f.jpg</path>
	<source>
		<database>roboflow.com</database>
	</source>
	<size>
		<width>640</width>
		<height>640</height>
		<depth>3</depth>
	</size>
	<segmented>0</segmented>
	<object>
		<name>awake</name>
		<pose>Unspecified</pose>
		<truncated>0</truncated>
		<difficult>0</difficult>
		<occluded>0</occluded>
		<bndbox>
			<xmin>357</xmin>
			<xmax>512</xmax>
			<ymin>104</ymin>
			<ymax>460</ymax>
		</bndbox>
	</object>
</annotation>
