<annotation>
	<folder></folder>
	<filename>1464_jpg.rf.fba7745118eae490bf09cc9d79d5305f.jpg</filename>
	<path>1464_jpg.rf.fba7745118eae490bf09cc9d79d5305f.jpg</path>
	<source>
		<database>roboflow.com</database>
	</source>
	<size>
		<width>640</width>
		<height>640</height>
		<depth>3</depth>
	</size>
	<segmented>0</segmented>
	<object>
		<name>awake</name>
		<pose>Unspecified</pose>
		<truncated>0</truncated>
		<difficult>0</difficult>
		<occluded>0</occluded>
		<bndbox>
			<xmin>345</xmin>
			<xmax>517</xmax>
			<ymin>99</ymin>
			<ymax>460</ymax>
		</bndbox>
	</object>
</annotation>
