<annotation>
	<folder></folder>
	<filename>146_jpg.rf.e3c7a145418d7b6b81a64e6e2dee1be1.jpg</filename>
	<path>146_jpg.rf.e3c7a145418d7b6b81a64e6e2dee1be1.jpg</path>
	<source>
		<database>roboflow.com</database>
	</source>
	<size>
		<width>640</width>
		<height>640</height>
		<depth>3</depth>
	</size>
	<segmented>0</segmented>
	<object>
		<name>awake</name>
		<pose>Unspecified</pose>
		<truncated>0</truncated>
		<difficult>0</difficult>
		<occluded>0</occluded>
		<bndbox>
			<xmin>140</xmin>
			<xmax>312</xmax>
			<ymin>79</ymin>
			<ymax>453</ymax>
		</bndbox>
	</object>
</annotation>
