<annotation>
	<folder></folder>
	<filename>146_jpg.rf.0f00c36e595177f5ea92674bd00a1117.jpg</filename>
	<path>146_jpg.rf.0f00c36e595177f5ea92674bd00a1117.jpg</path>
	<source>
		<database>roboflow.com</database>
	</source>
	<size>
		<width>640</width>
		<height>640</height>
		<depth>3</depth>
	</size>
	<segmented>0</segmented>
	<object>
		<name>drowsy</name>
		<pose>Unspecified</pose>
		<truncated>0</truncated>
		<difficult>0</difficult>
		<occluded>0</occluded>
		<bndbox>
			<xmin>214</xmin>
			<xmax>365</xmax>
			<ymin>165</ymin>
			<ymax>497</ymax>
		</bndbox>
	</object>
</annotation>
