<annotation>
	<folder></folder>
	<filename>147_jpg.rf.412726141d475c8fb6eb46fcf95ece2d.jpg</filename>
	<path>147_jpg.rf.412726141d475c8fb6eb46fcf95ece2d.jpg</path>
	<source>
		<database>roboflow.com</database>
	</source>
	<size>
		<width>640</width>
		<height>640</height>
		<depth>3</depth>
	</size>
	<segmented>0</segmented>
	<object>
		<name>drowsy</name>
		<pose>Unspecified</pose>
		<truncated>0</truncated>
		<difficult>0</difficult>
		<occluded>0</occluded>
		<bndbox>
			<xmin>222</xmin>
			<xmax>365</xmax>
			<ymin>155</ymin>
			<ymax>487</ymax>
		</bndbox>
	</object>
</annotation>
