<annotation>
	<folder></folder>
	<filename>147_jpg.rf.497015148b9ce228e2ad52edde8f323c.jpg</filename>
	<path>147_jpg.rf.497015148b9ce228e2ad52edde8f323c.jpg</path>
	<source>
		<database>roboflow.com</database>
	</source>
	<size>
		<width>640</width>
		<height>640</height>
		<depth>3</depth>
	</size>
	<segmented>0</segmented>
	<object>
		<name>awake</name>
		<pose>Unspecified</pose>
		<truncated>0</truncated>
		<difficult>0</difficult>
		<occluded>0</occluded>
		<bndbox>
			<xmin>128</xmin>
			<xmax>306</xmax>
			<ymin>74</ymin>
			<ymax>455</ymax>
		</bndbox>
	</object>
</annotation>
