<annotation>
	<folder></folder>
	<filename>1487_jpg.rf.b53c302dfeebbb51a3caf1c29e0f1953.jpg</filename>
	<path>1487_jpg.rf.b53c302dfeebbb51a3caf1c29e0f1953.jpg</path>
	<source>
		<database>roboflow.com</database>
	</source>
	<size>
		<width>640</width>
		<height>640</height>
		<depth>3</depth>
	</size>
	<segmented>0</segmented>
	<object>
		<name>awake</name>
		<pose>Unspecified</pose>
		<truncated>0</truncated>
		<difficult>0</difficult>
		<occluded>0</occluded>
		<bndbox>
			<xmin>294</xmin>
			<xmax>477</xmax>
			<ymin>117</ymin>
			<ymax>503</ymax>
		</bndbox>
	</object>
</annotation>
