<annotation>
	<folder></folder>
	<filename>148_jpg.rf.b45c79ee8c8e59648ca6950ae5f5c939.jpg</filename>
	<path>148_jpg.rf.b45c79ee8c8e59648ca6950ae5f5c939.jpg</path>
	<source>
		<database>roboflow.com</database>
	</source>
	<size>
		<width>640</width>
		<height>640</height>
		<depth>3</depth>
	</size>
	<segmented>0</segmented>
	<object>
		<name>drowsy</name>
		<pose>Unspecified</pose>
		<truncated>0</truncated>
		<difficult>0</difficult>
		<occluded>0</occluded>
		<bndbox>
			<xmin>234</xmin>
			<xmax>376</xmax>
			<ymin>143</ymin>
			<ymax>471</ymax>
		</bndbox>
	</object>
</annotation>
