<annotation>
	<folder></folder>
	<filename>148_jpg.rf.49c9a001a4260aee976224887f24d3ef.jpg</filename>
	<path>148_jpg.rf.49c9a001a4260aee976224887f24d3ef.jpg</path>
	<source>
		<database>roboflow.com</database>
	</source>
	<size>
		<width>640</width>
		<height>640</height>
		<depth>3</depth>
	</size>
	<segmented>0</segmented>
	<object>
		<name>awake</name>
		<pose>Unspecified</pose>
		<truncated>0</truncated>
		<difficult>0</difficult>
		<occluded>0</occluded>
		<bndbox>
			<xmin>92</xmin>
			<xmax>291</xmax>
			<ymin>74</ymin>
			<ymax>464</ymax>
		</bndbox>
	</object>
</annotation>
