<annotation>
	<folder></folder>
	<filename>1492_jpg.rf.ff4f01991fac7d12b24df0006c5a5550.jpg</filename>
	<path>1492_jpg.rf.ff4f01991fac7d12b24df0006c5a5550.jpg</path>
	<source>
		<database>roboflow.com</database>
	</source>
	<size>
		<width>640</width>
		<height>640</height>
		<depth>3</depth>
	</size>
	<segmented>0</segmented>
	<object>
		<name>awake</name>
		<pose>Unspecified</pose>
		<truncated>0</truncated>
		<difficult>0</difficult>
		<occluded>0</occluded>
		<bndbox>
			<xmin>293</xmin>
			<xmax>474</xmax>
			<ymin>115</ymin>
			<ymax>505</ymax>
		</bndbox>
	</object>
</annotation>
