<annotation>
	<folder></folder>
	<filename>1493_jpg.rf.79db1fcd5b03295dd95943e2d73bf66e.jpg</filename>
	<path>1493_jpg.rf.79db1fcd5b03295dd95943e2d73bf66e.jpg</path>
	<source>
		<database>roboflow.com</database>
	</source>
	<size>
		<width>640</width>
		<height>640</height>
		<depth>3</depth>
	</size>
	<segmented>0</segmented>
	<object>
		<name>awake</name>
		<pose>Unspecified</pose>
		<truncated>0</truncated>
		<difficult>0</difficult>
		<occluded>0</occluded>
		<bndbox>
			<xmin>290</xmin>
			<xmax>476</xmax>
			<ymin>118</ymin>
			<ymax>502</ymax>
		</bndbox>
	</object>
</annotation>
