<annotation>
	<folder></folder>
	<filename>1496_jpg.rf.aa7d607bb427988c16e9e4e9fdcd36b3.jpg</filename>
	<path>1496_jpg.rf.aa7d607bb427988c16e9e4e9fdcd36b3.jpg</path>
	<source>
		<database>roboflow.com</database>
	</source>
	<size>
		<width>640</width>
		<height>640</height>
		<depth>3</depth>
	</size>
	<segmented>0</segmented>
	<object>
		<name>awake</name>
		<pose>Unspecified</pose>
		<truncated>0</truncated>
		<difficult>0</difficult>
		<occluded>0</occluded>
		<bndbox>
			<xmin>291</xmin>
			<xmax>472</xmax>
			<ymin>124</ymin>
			<ymax>505</ymax>
		</bndbox>
	</object>
</annotation>
