<annotation>
	<folder></folder>
	<filename>1497_jpg.rf.a24e0e84cf883334ee257956b59f7777.jpg</filename>
	<path>1497_jpg.rf.a24e0e84cf883334ee257956b59f7777.jpg</path>
	<source>
		<database>roboflow.com</database>
	</source>
	<size>
		<width>640</width>
		<height>640</height>
		<depth>3</depth>
	</size>
	<segmented>0</segmented>
	<object>
		<name>awake</name>
		<pose>Unspecified</pose>
		<truncated>0</truncated>
		<difficult>0</difficult>
		<occluded>0</occluded>
		<bndbox>
			<xmin>285</xmin>
			<xmax>471</xmax>
			<ymin>121</ymin>
			<ymax>504</ymax>
		</bndbox>
	</object>
</annotation>
