<annotation>
	<folder></folder>
	<filename>1498_jpg.rf.2f9738363d4d147d85d40a5ea17a9043.jpg</filename>
	<path>1498_jpg.rf.2f9738363d4d147d85d40a5ea17a9043.jpg</path>
	<source>
		<database>roboflow.com</database>
	</source>
	<size>
		<width>640</width>
		<height>640</height>
		<depth>3</depth>
	</size>
	<segmented>0</segmented>
	<object>
		<name>awake</name>
		<pose>Unspecified</pose>
		<truncated>0</truncated>
		<difficult>0</difficult>
		<occluded>0</occluded>
		<bndbox>
			<xmin>298</xmin>
			<xmax>480</xmax>
			<ymin>122</ymin>
			<ymax>501</ymax>
		</bndbox>
	</object>
</annotation>
