<annotation>
	<folder></folder>
	<filename>1499_jpg.rf.4466b8c215db5980926d574c3547131c.jpg</filename>
	<path>1499_jpg.rf.4466b8c215db5980926d574c3547131c.jpg</path>
	<source>
		<database>roboflow.com</database>
	</source>
	<size>
		<width>640</width>
		<height>640</height>
		<depth>3</depth>
	</size>
	<segmented>0</segmented>
	<object>
		<name>awake</name>
		<pose>Unspecified</pose>
		<truncated>0</truncated>
		<difficult>0</difficult>
		<occluded>0</occluded>
		<bndbox>
			<xmin>298</xmin>
			<xmax>478</xmax>
			<ymin>117</ymin>
			<ymax>504</ymax>
		</bndbox>
	</object>
</annotation>
