<annotation>
	<folder></folder>
	<filename>149_jpg.rf.708b1c34086179ea3c1e07bbc71db079.jpg</filename>
	<path>149_jpg.rf.708b1c34086179ea3c1e07bbc71db079.jpg</path>
	<source>
		<database>roboflow.com</database>
	</source>
	<size>
		<width>640</width>
		<height>640</height>
		<depth>3</depth>
	</size>
	<segmented>0</segmented>
	<object>
		<name>awake</name>
		<pose>Unspecified</pose>
		<truncated>0</truncated>
		<difficult>0</difficult>
		<occluded>0</occluded>
		<bndbox>
			<xmin>84</xmin>
			<xmax>286</xmax>
			<ymin>72</ymin>
			<ymax>462</ymax>
		</bndbox>
	</object>
</annotation>
