<annotation>
	<folder></folder>
	<filename>149_jpg.rf.d1245782739787798dfe4029c6c19686.jpg</filename>
	<path>149_jpg.rf.d1245782739787798dfe4029c6c19686.jpg</path>
	<source>
		<database>roboflow.com</database>
	</source>
	<size>
		<width>640</width>
		<height>640</height>
		<depth>3</depth>
	</size>
	<segmented>0</segmented>
	<object>
		<name>drowsy</name>
		<pose>Unspecified</pose>
		<truncated>0</truncated>
		<difficult>0</difficult>
		<occluded>0</occluded>
		<bndbox>
			<xmin>257</xmin>
			<xmax>383</xmax>
			<ymin>151</ymin>
			<ymax>462</ymax>
		</bndbox>
	</object>
</annotation>
