<annotation>
	<folder></folder>
	<filename>14_jpg.rf.ee9ff83adf418248029b82a6cfb63748.jpg</filename>
	<path>14_jpg.rf.ee9ff83adf418248029b82a6cfb63748.jpg</path>
	<source>
		<database>roboflow.com</database>
	</source>
	<size>
		<width>640</width>
		<height>640</height>
		<depth>3</depth>
	</size>
	<segmented>0</segmented>
	<object>
		<name>drowsy</name>
		<pose>Unspecified</pose>
		<truncated>0</truncated>
		<difficult>0</difficult>
		<occluded>0</occluded>
		<bndbox>
			<xmin>245</xmin>
			<xmax>377</xmax>
			<ymin>167</ymin>
			<ymax>449</ymax>
		</bndbox>
	</object>
</annotation>
