<annotation>
	<folder></folder>
	<filename>1500_jpg.rf.6150d135869bfcab4d6fcf6c81932f38.jpg</filename>
	<path>1500_jpg.rf.6150d135869bfcab4d6fcf6c81932f38.jpg</path>
	<source>
		<database>roboflow.com</database>
	</source>
	<size>
		<width>640</width>
		<height>640</height>
		<depth>3</depth>
	</size>
	<segmented>0</segmented>
	<object>
		<name>awake</name>
		<pose>Unspecified</pose>
		<truncated>0</truncated>
		<difficult>0</difficult>
		<occluded>0</occluded>
		<bndbox>
			<xmin>294</xmin>
			<xmax>476</xmax>
			<ymin>119</ymin>
			<ymax>506</ymax>
		</bndbox>
	</object>
</annotation>
