<annotation>
	<folder></folder>
	<filename>1503_jpg.rf.58f0f8a67a86be8b9a6c4b68fe78bafd.jpg</filename>
	<path>1503_jpg.rf.58f0f8a67a86be8b9a6c4b68fe78bafd.jpg</path>
	<source>
		<database>roboflow.com</database>
	</source>
	<size>
		<width>640</width>
		<height>640</height>
		<depth>3</depth>
	</size>
	<segmented>0</segmented>
	<object>
		<name>awake</name>
		<pose>Unspecified</pose>
		<truncated>0</truncated>
		<difficult>0</difficult>
		<occluded>0</occluded>
		<bndbox>
			<xmin>290</xmin>
			<xmax>444</xmax>
			<ymin>91</ymin>
			<ymax>475</ymax>
		</bndbox>
	</object>
</annotation>
