<annotation>
	<folder></folder>
	<filename>1507_jpg.rf.bcaa0bce1b2d1f432c3e1a31f4e43b0e.jpg</filename>
	<path>1507_jpg.rf.bcaa0bce1b2d1f432c3e1a31f4e43b0e.jpg</path>
	<source>
		<database>roboflow.com</database>
	</source>
	<size>
		<width>640</width>
		<height>640</height>
		<depth>3</depth>
	</size>
	<segmented>0</segmented>
	<object>
		<name>awake</name>
		<pose>Unspecified</pose>
		<truncated>0</truncated>
		<difficult>0</difficult>
		<occluded>0</occluded>
		<bndbox>
			<xmin>299</xmin>
			<xmax>450</xmax>
			<ymin>101</ymin>
			<ymax>476</ymax>
		</bndbox>
	</object>
</annotation>
