<annotation>
	<folder></folder>
	<filename>1508_jpg.rf.22507e4e2396cf2d8a475c988e1f7765.jpg</filename>
	<path>1508_jpg.rf.22507e4e2396cf2d8a475c988e1f7765.jpg</path>
	<source>
		<database>roboflow.com</database>
	</source>
	<size>
		<width>640</width>
		<height>640</height>
		<depth>3</depth>
	</size>
	<segmented>0</segmented>
	<object>
		<name>awake</name>
		<pose>Unspecified</pose>
		<truncated>0</truncated>
		<difficult>0</difficult>
		<occluded>0</occluded>
		<bndbox>
			<xmin>295</xmin>
			<xmax>448</xmax>
			<ymin>92</ymin>
			<ymax>477</ymax>
		</bndbox>
	</object>
</annotation>
