<annotation>
	<folder></folder>
	<filename>1509_jpg.rf.c9eea10117f5c34d4a5b609ef5f8d00d.jpg</filename>
	<path>1509_jpg.rf.c9eea10117f5c34d4a5b609ef5f8d00d.jpg</path>
	<source>
		<database>roboflow.com</database>
	</source>
	<size>
		<width>640</width>
		<height>640</height>
		<depth>3</depth>
	</size>
	<segmented>0</segmented>
	<object>
		<name>awake</name>
		<pose>Unspecified</pose>
		<truncated>0</truncated>
		<difficult>0</difficult>
		<occluded>0</occluded>
		<bndbox>
			<xmin>298</xmin>
			<xmax>447</xmax>
			<ymin>96</ymin>
			<ymax>476</ymax>
		</bndbox>
	</object>
</annotation>
