<annotation>
	<folder></folder>
	<filename>150_jpg.rf.427b79fbebc6ba326473921bc8e9e36f.jpg</filename>
	<path>150_jpg.rf.427b79fbebc6ba326473921bc8e9e36f.jpg</path>
	<source>
		<database>roboflow.com</database>
	</source>
	<size>
		<width>640</width>
		<height>640</height>
		<depth>3</depth>
	</size>
	<segmented>0</segmented>
	<object>
		<name>drowsy</name>
		<pose>Unspecified</pose>
		<truncated>0</truncated>
		<difficult>0</difficult>
		<occluded>0</occluded>
		<bndbox>
			<xmin>245</xmin>
			<xmax>379</xmax>
			<ymin>157</ymin>
			<ymax>474</ymax>
		</bndbox>
	</object>
</annotation>
