<annotation>
	<folder></folder>
	<filename>1510_jpg.rf.5eb21e242023b48be3f4c11d7f6c5699.jpg</filename>
	<path>1510_jpg.rf.5eb21e242023b48be3f4c11d7f6c5699.jpg</path>
	<source>
		<database>roboflow.com</database>
	</source>
	<size>
		<width>640</width>
		<height>640</height>
		<depth>3</depth>
	</size>
	<segmented>0</segmented>
	<object>
		<name>awake</name>
		<pose>Unspecified</pose>
		<truncated>0</truncated>
		<difficult>0</difficult>
		<occluded>0</occluded>
		<bndbox>
			<xmin>294</xmin>
			<xmax>445</xmax>
			<ymin>96</ymin>
			<ymax>477</ymax>
		</bndbox>
	</object>
</annotation>
