<annotation>
	<folder></folder>
	<filename>151_jpg.rf.d56ffb65f036a77f14ea07f3c284c47f.jpg</filename>
	<path>151_jpg.rf.d56ffb65f036a77f14ea07f3c284c47f.jpg</path>
	<source>
		<database>roboflow.com</database>
	</source>
	<size>
		<width>640</width>
		<height>640</height>
		<depth>3</depth>
	</size>
	<segmented>0</segmented>
	<object>
		<name>drowsy</name>
		<pose>Unspecified</pose>
		<truncated>0</truncated>
		<difficult>0</difficult>
		<occluded>0</occluded>
		<bndbox>
			<xmin>247</xmin>
			<xmax>380</xmax>
			<ymin>158</ymin>
			<ymax>485</ymax>
		</bndbox>
	</object>
</annotation>
