<annotation>
	<folder></folder>
	<filename>152_jpg.rf.35da951c470cac51d7453c1420921882.jpg</filename>
	<path>152_jpg.rf.35da951c470cac51d7453c1420921882.jpg</path>
	<source>
		<database>roboflow.com</database>
	</source>
	<size>
		<width>640</width>
		<height>640</height>
		<depth>3</depth>
	</size>
	<segmented>0</segmented>
	<object>
		<name>drowsy</name>
		<pose>Unspecified</pose>
		<truncated>0</truncated>
		<difficult>0</difficult>
		<occluded>0</occluded>
		<bndbox>
			<xmin>245</xmin>
			<xmax>381</xmax>
			<ymin>161</ymin>
			<ymax>487</ymax>
		</bndbox>
	</object>
</annotation>
