<annotation>
	<folder></folder>
	<filename>1532_jpg.rf.fc3bb170fa5c3d2e46a34f59b054fcc3.jpg</filename>
	<path>1532_jpg.rf.fc3bb170fa5c3d2e46a34f59b054fcc3.jpg</path>
	<source>
		<database>roboflow.com</database>
	</source>
	<size>
		<width>640</width>
		<height>640</height>
		<depth>3</depth>
	</size>
	<segmented>0</segmented>
	<object>
		<name>awake</name>
		<pose>Unspecified</pose>
		<truncated>0</truncated>
		<difficult>0</difficult>
		<occluded>0</occluded>
		<bndbox>
			<xmin>288</xmin>
			<xmax>443</xmax>
			<ymin>91</ymin>
			<ymax>479</ymax>
		</bndbox>
	</object>
</annotation>
