<annotation>
	<folder></folder>
	<filename>1536_jpg.rf.893da81c727d048dd3efe964692709e5.jpg</filename>
	<path>1536_jpg.rf.893da81c727d048dd3efe964692709e5.jpg</path>
	<source>
		<database>roboflow.com</database>
	</source>
	<size>
		<width>640</width>
		<height>640</height>
		<depth>3</depth>
	</size>
	<segmented>0</segmented>
	<object>
		<name>awake</name>
		<pose>Unspecified</pose>
		<truncated>0</truncated>
		<difficult>0</difficult>
		<occluded>0</occluded>
		<bndbox>
			<xmin>233</xmin>
			<xmax>415</xmax>
			<ymin>159</ymin>
			<ymax>521</ymax>
		</bndbox>
	</object>
</annotation>
