<annotation>
	<folder></folder>
	<filename>1537_jpg.rf.4f1ba38fd4af4f50f7b3f1e4b060aca4.jpg</filename>
	<path>1537_jpg.rf.4f1ba38fd4af4f50f7b3f1e4b060aca4.jpg</path>
	<source>
		<database>roboflow.com</database>
	</source>
	<size>
		<width>640</width>
		<height>640</height>
		<depth>3</depth>
	</size>
	<segmented>0</segmented>
	<object>
		<name>awake</name>
		<pose>Unspecified</pose>
		<truncated>0</truncated>
		<difficult>0</difficult>
		<occluded>0</occluded>
		<bndbox>
			<xmin>246</xmin>
			<xmax>419</xmax>
			<ymin>190</ymin>
			<ymax>562</ymax>
		</bndbox>
	</object>
</annotation>
