<annotation>
	<folder></folder>
	<filename>1538_jpg.rf.42d4e8dd42a3ea5335ee7a17fb096b94.jpg</filename>
	<path>1538_jpg.rf.42d4e8dd42a3ea5335ee7a17fb096b94.jpg</path>
	<source>
		<database>roboflow.com</database>
	</source>
	<size>
		<width>640</width>
		<height>640</height>
		<depth>3</depth>
	</size>
	<segmented>0</segmented>
	<object>
		<name>awake</name>
		<pose>Unspecified</pose>
		<truncated>0</truncated>
		<difficult>0</difficult>
		<occluded>0</occluded>
		<bndbox>
			<xmin>239</xmin>
			<xmax>391</xmax>
			<ymin>202</ymin>
			<ymax>556</ymax>
		</bndbox>
	</object>
</annotation>
