<annotation>
	<folder></folder>
	<filename>153_jpg.rf.7017e6553740510f47c78747d5f0fbdc.jpg</filename>
	<path>153_jpg.rf.7017e6553740510f47c78747d5f0fbdc.jpg</path>
	<source>
		<database>roboflow.com</database>
	</source>
	<size>
		<width>640</width>
		<height>640</height>
		<depth>3</depth>
	</size>
	<segmented>0</segmented>
	<object>
		<name>drowsy</name>
		<pose>Unspecified</pose>
		<truncated>0</truncated>
		<difficult>0</difficult>
		<occluded>0</occluded>
		<bndbox>
			<xmin>267</xmin>
			<xmax>389</xmax>
			<ymin>148</ymin>
			<ymax>389</ymax>
		</bndbox>
	</object>
</annotation>
