<annotation>
	<folder></folder>
	<filename>1541_jpg.rf.78ce2506d04c0ac94212c225c7e7a02b.jpg</filename>
	<path>1541_jpg.rf.78ce2506d04c0ac94212c225c7e7a02b.jpg</path>
	<source>
		<database>roboflow.com</database>
	</source>
	<size>
		<width>640</width>
		<height>640</height>
		<depth>3</depth>
	</size>
	<segmented>0</segmented>
	<object>
		<name>awake</name>
		<pose>Unspecified</pose>
		<truncated>0</truncated>
		<difficult>0</difficult>
		<occluded>0</occluded>
		<bndbox>
			<xmin>279</xmin>
			<xmax>406</xmax>
			<ymin>198</ymin>
			<ymax>549</ymax>
		</bndbox>
	</object>
</annotation>
