<annotation>
	<folder></folder>
	<filename>1542_jpg.rf.937a346bb2ac222a839dce005fa55d80.jpg</filename>
	<path>1542_jpg.rf.937a346bb2ac222a839dce005fa55d80.jpg</path>
	<source>
		<database>roboflow.com</database>
	</source>
	<size>
		<width>640</width>
		<height>640</height>
		<depth>3</depth>
	</size>
	<segmented>0</segmented>
	<object>
		<name>awake</name>
		<pose>Unspecified</pose>
		<truncated>0</truncated>
		<difficult>0</difficult>
		<occluded>0</occluded>
		<bndbox>
			<xmin>271</xmin>
			<xmax>405</xmax>
			<ymin>208</ymin>
			<ymax>555</ymax>
		</bndbox>
	</object>
</annotation>
