<annotation>
	<folder></folder>
	<filename>1543_jpg.rf.d4fa9df8311eaa434a78ccc796618ce9.jpg</filename>
	<path>1543_jpg.rf.d4fa9df8311eaa434a78ccc796618ce9.jpg</path>
	<source>
		<database>roboflow.com</database>
	</source>
	<size>
		<width>640</width>
		<height>640</height>
		<depth>3</depth>
	</size>
	<segmented>0</segmented>
	<object>
		<name>awake</name>
		<pose>Unspecified</pose>
		<truncated>0</truncated>
		<difficult>0</difficult>
		<occluded>0</occluded>
		<bndbox>
			<xmin>178</xmin>
			<xmax>371</xmax>
			<ymin>196</ymin>
			<ymax>587</ymax>
		</bndbox>
	</object>
</annotation>
