<annotation>
	<folder></folder>
	<filename>1544_jpg.rf.17d3465f067631bb95927be836b3fd48.jpg</filename>
	<path>1544_jpg.rf.17d3465f067631bb95927be836b3fd48.jpg</path>
	<source>
		<database>roboflow.com</database>
	</source>
	<size>
		<width>640</width>
		<height>640</height>
		<depth>3</depth>
	</size>
	<segmented>0</segmented>
	<object>
		<name>awake</name>
		<pose>Unspecified</pose>
		<truncated>0</truncated>
		<difficult>0</difficult>
		<occluded>0</occluded>
		<bndbox>
			<xmin>100</xmin>
			<xmax>324</xmax>
			<ymin>181</ymin>
			<ymax>583</ymax>
		</bndbox>
	</object>
</annotation>
