<annotation>
	<folder></folder>
	<filename>154_jpg.rf.d89367b566c71450210693d53e9bf974.jpg</filename>
	<path>154_jpg.rf.d89367b566c71450210693d53e9bf974.jpg</path>
	<source>
		<database>roboflow.com</database>
	</source>
	<size>
		<width>640</width>
		<height>640</height>
		<depth>3</depth>
	</size>
	<segmented>0</segmented>
	<object>
		<name>drowsy</name>
		<pose>Unspecified</pose>
		<truncated>0</truncated>
		<difficult>0</difficult>
		<occluded>0</occluded>
		<bndbox>
			<xmin>273</xmin>
			<xmax>391</xmax>
			<ymin>148</ymin>
			<ymax>391</ymax>
		</bndbox>
	</object>
</annotation>
