<annotation>
	<folder></folder>
	<filename>1558_jpg.rf.4c735f4bca55dbd31cad18e958e31890.jpg</filename>
	<path>1558_jpg.rf.4c735f4bca55dbd31cad18e958e31890.jpg</path>
	<source>
		<database>roboflow.com</database>
	</source>
	<size>
		<width>640</width>
		<height>640</height>
		<depth>3</depth>
	</size>
	<segmented>0</segmented>
	<object>
		<name>awake</name>
		<pose>Unspecified</pose>
		<truncated>0</truncated>
		<difficult>0</difficult>
		<occluded>0</occluded>
		<bndbox>
			<xmin>398</xmin>
			<xmax>545</xmax>
			<ymin>188</ymin>
			<ymax>603</ymax>
		</bndbox>
	</object>
</annotation>
