<annotation>
	<folder></folder>
	<filename>155_jpg.rf.20fab874b24674fa3ca438ad3031dcef.jpg</filename>
	<path>155_jpg.rf.20fab874b24674fa3ca438ad3031dcef.jpg</path>
	<source>
		<database>roboflow.com</database>
	</source>
	<size>
		<width>640</width>
		<height>640</height>
		<depth>3</depth>
	</size>
	<segmented>0</segmented>
	<object>
		<name>drowsy</name>
		<pose>Unspecified</pose>
		<truncated>0</truncated>
		<difficult>0</difficult>
		<occluded>0</occluded>
		<bndbox>
			<xmin>284</xmin>
			<xmax>401</xmax>
			<ymin>143</ymin>
			<ymax>386</ymax>
		</bndbox>
	</object>
</annotation>
