<annotation>
	<folder></folder>
	<filename>1561_jpg.rf.56c6f11e24000378b7dc31142869292a.jpg</filename>
	<path>1561_jpg.rf.56c6f11e24000378b7dc31142869292a.jpg</path>
	<source>
		<database>roboflow.com</database>
	</source>
	<size>
		<width>640</width>
		<height>640</height>
		<depth>3</depth>
	</size>
	<segmented>0</segmented>
	<object>
		<name>awake</name>
		<pose>Unspecified</pose>
		<truncated>0</truncated>
		<difficult>0</difficult>
		<occluded>0</occluded>
		<bndbox>
			<xmin>324</xmin>
			<xmax>490</xmax>
			<ymin>99</ymin>
			<ymax>395</ymax>
		</bndbox>
	</object>
</annotation>
