<annotation>
	<folder></folder>
	<filename>1562_jpg.rf.7857cdb2e43a6bac66cab71b5fc2e683.jpg</filename>
	<path>1562_jpg.rf.7857cdb2e43a6bac66cab71b5fc2e683.jpg</path>
	<source>
		<database>roboflow.com</database>
	</source>
	<size>
		<width>640</width>
		<height>640</height>
		<depth>3</depth>
	</size>
	<segmented>0</segmented>
	<object>
		<name>awake</name>
		<pose>Unspecified</pose>
		<truncated>0</truncated>
		<difficult>0</difficult>
		<occluded>0</occluded>
		<bndbox>
			<xmin>323</xmin>
			<xmax>487</xmax>
			<ymin>108</ymin>
			<ymax>406</ymax>
		</bndbox>
	</object>
</annotation>
