<annotation>
	<folder></folder>
	<filename>1566_jpg.rf.5d7a9127d1d049183e7abece001e9797.jpg</filename>
	<path>1566_jpg.rf.5d7a9127d1d049183e7abece001e9797.jpg</path>
	<source>
		<database>roboflow.com</database>
	</source>
	<size>
		<width>640</width>
		<height>640</height>
		<depth>3</depth>
	</size>
	<segmented>0</segmented>
	<object>
		<name>awake</name>
		<pose>Unspecified</pose>
		<truncated>0</truncated>
		<difficult>0</difficult>
		<occluded>0</occluded>
		<bndbox>
			<xmin>373</xmin>
			<xmax>534</xmax>
			<ymin>135</ymin>
			<ymax>441</ymax>
		</bndbox>
	</object>
</annotation>
