<annotation>
	<folder></folder>
	<filename>1567_jpg.rf.3781d0128cbf94228a3ec0e0fc35fe09.jpg</filename>
	<path>1567_jpg.rf.3781d0128cbf94228a3ec0e0fc35fe09.jpg</path>
	<source>
		<database>roboflow.com</database>
	</source>
	<size>
		<width>640</width>
		<height>640</height>
		<depth>3</depth>
	</size>
	<segmented>0</segmented>
	<object>
		<name>awake</name>
		<pose>Unspecified</pose>
		<truncated>0</truncated>
		<difficult>0</difficult>
		<occluded>0</occluded>
		<bndbox>
			<xmin>332</xmin>
			<xmax>500</xmax>
			<ymin>125</ymin>
			<ymax>433</ymax>
		</bndbox>
	</object>
</annotation>
