<annotation>
	<folder></folder>
	<filename>156_jpg.rf.e951408e8ab2b149fe02c8675a70176b.jpg</filename>
	<path>156_jpg.rf.e951408e8ab2b149fe02c8675a70176b.jpg</path>
	<source>
		<database>roboflow.com</database>
	</source>
	<size>
		<width>640</width>
		<height>640</height>
		<depth>3</depth>
	</size>
	<segmented>0</segmented>
	<object>
		<name>drowsy</name>
		<pose>Unspecified</pose>
		<truncated>0</truncated>
		<difficult>0</difficult>
		<occluded>0</occluded>
		<bndbox>
			<xmin>296</xmin>
			<xmax>411</xmax>
			<ymin>143</ymin>
			<ymax>387</ymax>
		</bndbox>
	</object>
</annotation>
