<annotation>
	<folder></folder>
	<filename>1570_jpg.rf.b9254101aa2e0008eabf23d4d59aded6.jpg</filename>
	<path>1570_jpg.rf.b9254101aa2e0008eabf23d4d59aded6.jpg</path>
	<source>
		<database>roboflow.com</database>
	</source>
	<size>
		<width>640</width>
		<height>640</height>
		<depth>3</depth>
	</size>
	<segmented>0</segmented>
	<object>
		<name>awake</name>
		<pose>Unspecified</pose>
		<truncated>0</truncated>
		<difficult>0</difficult>
		<occluded>0</occluded>
		<bndbox>
			<xmin>334</xmin>
			<xmax>497</xmax>
			<ymin>120</ymin>
			<ymax>426</ymax>
		</bndbox>
	</object>
</annotation>
