<annotation>
	<folder></folder>
	<filename>1571_jpg.rf.edf63cafe29f35975ec77d13c0daafdb.jpg</filename>
	<path>1571_jpg.rf.edf63cafe29f35975ec77d13c0daafdb.jpg</path>
	<source>
		<database>roboflow.com</database>
	</source>
	<size>
		<width>640</width>
		<height>640</height>
		<depth>3</depth>
	</size>
	<segmented>0</segmented>
	<object>
		<name>awake</name>
		<pose>Unspecified</pose>
		<truncated>0</truncated>
		<difficult>0</difficult>
		<occluded>0</occluded>
		<bndbox>
			<xmin>365</xmin>
			<xmax>521</xmax>
			<ymin>137</ymin>
			<ymax>446</ymax>
		</bndbox>
	</object>
</annotation>
