<annotation>
	<folder></folder>
	<filename>1572_jpg.rf.18be62f5113c9e809ba51b89888449e9.jpg</filename>
	<path>1572_jpg.rf.18be62f5113c9e809ba51b89888449e9.jpg</path>
	<source>
		<database>roboflow.com</database>
	</source>
	<size>
		<width>640</width>
		<height>640</height>
		<depth>3</depth>
	</size>
	<segmented>0</segmented>
	<object>
		<name>awake</name>
		<pose>Unspecified</pose>
		<truncated>0</truncated>
		<difficult>0</difficult>
		<occluded>0</occluded>
		<bndbox>
			<xmin>375</xmin>
			<xmax>530</xmax>
			<ymin>149</ymin>
			<ymax>456</ymax>
		</bndbox>
	</object>
</annotation>
