<annotation>
	<folder></folder>
	<filename>1573_jpg.rf.6dedd9df8fcf8ab58c9c4d16893b6bf4.jpg</filename>
	<path>1573_jpg.rf.6dedd9df8fcf8ab58c9c4d16893b6bf4.jpg</path>
	<source>
		<database>roboflow.com</database>
	</source>
	<size>
		<width>640</width>
		<height>640</height>
		<depth>3</depth>
	</size>
	<segmented>0</segmented>
	<object>
		<name>awake</name>
		<pose>Unspecified</pose>
		<truncated>0</truncated>
		<difficult>0</difficult>
		<occluded>0</occluded>
		<bndbox>
			<xmin>360</xmin>
			<xmax>517</xmax>
			<ymin>135</ymin>
			<ymax>442</ymax>
		</bndbox>
	</object>
</annotation>
