<annotation>
	<folder></folder>
	<filename>1574_jpg.rf.51fde4dbcda6e412945a9f4bf3fc9342.jpg</filename>
	<path>1574_jpg.rf.51fde4dbcda6e412945a9f4bf3fc9342.jpg</path>
	<source>
		<database>roboflow.com</database>
	</source>
	<size>
		<width>640</width>
		<height>640</height>
		<depth>3</depth>
	</size>
	<segmented>0</segmented>
	<object>
		<name>awake</name>
		<pose>Unspecified</pose>
		<truncated>0</truncated>
		<difficult>0</difficult>
		<occluded>0</occluded>
		<bndbox>
			<xmin>368</xmin>
			<xmax>522</xmax>
			<ymin>139</ymin>
			<ymax>438</ymax>
		</bndbox>
	</object>
</annotation>
