<annotation>
	<folder></folder>
	<filename>1576_jpg.rf.cf8f4957fdfbe977fd3c7ae4ae68ff3f.jpg</filename>
	<path>1576_jpg.rf.cf8f4957fdfbe977fd3c7ae4ae68ff3f.jpg</path>
	<source>
		<database>roboflow.com</database>
	</source>
	<size>
		<width>640</width>
		<height>640</height>
		<depth>3</depth>
	</size>
	<segmented>0</segmented>
	<object>
		<name>awake</name>
		<pose>Unspecified</pose>
		<truncated>0</truncated>
		<difficult>0</difficult>
		<occluded>0</occluded>
		<bndbox>
			<xmin>358</xmin>
			<xmax>513</xmax>
			<ymin>131</ymin>
			<ymax>437</ymax>
		</bndbox>
	</object>
</annotation>
