<annotation>
	<folder></folder>
	<filename>157_jpg.rf.9d2ed76a08a87cbe96be43063555db1a.jpg</filename>
	<path>157_jpg.rf.9d2ed76a08a87cbe96be43063555db1a.jpg</path>
	<source>
		<database>roboflow.com</database>
	</source>
	<size>
		<width>640</width>
		<height>640</height>
		<depth>3</depth>
	</size>
	<segmented>0</segmented>
	<object>
		<name>drowsy</name>
		<pose>Unspecified</pose>
		<truncated>0</truncated>
		<difficult>0</difficult>
		<occluded>0</occluded>
		<bndbox>
			<xmin>303</xmin>
			<xmax>426</xmax>
			<ymin>141</ymin>
			<ymax>386</ymax>
		</bndbox>
	</object>
</annotation>
