<annotation>
	<folder></folder>
	<filename>158_jpg.rf.d862f86cb320c7a9ecff9c950186c250.jpg</filename>
	<path>158_jpg.rf.d862f86cb320c7a9ecff9c950186c250.jpg</path>
	<source>
		<database>roboflow.com</database>
	</source>
	<size>
		<width>640</width>
		<height>640</height>
		<depth>3</depth>
	</size>
	<segmented>0</segmented>
	<object>
		<name>drowsy</name>
		<pose>Unspecified</pose>
		<truncated>0</truncated>
		<difficult>0</difficult>
		<occluded>0</occluded>
		<bndbox>
			<xmin>307</xmin>
			<xmax>430</xmax>
			<ymin>147</ymin>
			<ymax>377</ymax>
		</bndbox>
	</object>
</annotation>
