<annotation>
	<folder></folder>
	<filename>1592_jpg.rf.fc0897c03f7ceca88f37c2b796069c44.jpg</filename>
	<path>1592_jpg.rf.fc0897c03f7ceca88f37c2b796069c44.jpg</path>
	<source>
		<database>roboflow.com</database>
	</source>
	<size>
		<width>640</width>
		<height>640</height>
		<depth>3</depth>
	</size>
	<segmented>0</segmented>
	<object>
		<name>awake</name>
		<pose>Unspecified</pose>
		<truncated>0</truncated>
		<difficult>0</difficult>
		<occluded>0</occluded>
		<bndbox>
			<xmin>292</xmin>
			<xmax>485</xmax>
			<ymin>135</ymin>
			<ymax>533</ymax>
		</bndbox>
	</object>
</annotation>
