<annotation>
	<folder></folder>
	<filename>1593_jpg.rf.d1553e272bd875569c94723e524d1234.jpg</filename>
	<path>1593_jpg.rf.d1553e272bd875569c94723e524d1234.jpg</path>
	<source>
		<database>roboflow.com</database>
	</source>
	<size>
		<width>640</width>
		<height>640</height>
		<depth>3</depth>
	</size>
	<segmented>0</segmented>
	<object>
		<name>awake</name>
		<pose>Unspecified</pose>
		<truncated>0</truncated>
		<difficult>0</difficult>
		<occluded>0</occluded>
		<bndbox>
			<xmin>290</xmin>
			<xmax>486</xmax>
			<ymin>137</ymin>
			<ymax>539</ymax>
		</bndbox>
	</object>
</annotation>
