<annotation>
	<folder></folder>
	<filename>1594_jpg.rf.9fdf6ec1d6542e864f83f26e2b581f94.jpg</filename>
	<path>1594_jpg.rf.9fdf6ec1d6542e864f83f26e2b581f94.jpg</path>
	<source>
		<database>roboflow.com</database>
	</source>
	<size>
		<width>640</width>
		<height>640</height>
		<depth>3</depth>
	</size>
	<segmented>0</segmented>
	<object>
		<name>awake</name>
		<pose>Unspecified</pose>
		<truncated>0</truncated>
		<difficult>0</difficult>
		<occluded>0</occluded>
		<bndbox>
			<xmin>301</xmin>
			<xmax>486</xmax>
			<ymin>140</ymin>
			<ymax>538</ymax>
		</bndbox>
	</object>
</annotation>
