<annotation>
	<folder></folder>
	<filename>1596_jpg.rf.27e372573f1aacd08c26708f27f49c9a.jpg</filename>
	<path>1596_jpg.rf.27e372573f1aacd08c26708f27f49c9a.jpg</path>
	<source>
		<database>roboflow.com</database>
	</source>
	<size>
		<width>640</width>
		<height>640</height>
		<depth>3</depth>
	</size>
	<segmented>0</segmented>
	<object>
		<name>awake</name>
		<pose>Unspecified</pose>
		<truncated>0</truncated>
		<difficult>0</difficult>
		<occluded>0</occluded>
		<bndbox>
			<xmin>258</xmin>
			<xmax>462</xmax>
			<ymin>137</ymin>
			<ymax>543</ymax>
		</bndbox>
	</object>
</annotation>
