<annotation>
	<folder></folder>
	<filename>1597_jpg.rf.c2b6f5cc1d40e0ddfb67a9025c0fa5ac.jpg</filename>
	<path>1597_jpg.rf.c2b6f5cc1d40e0ddfb67a9025c0fa5ac.jpg</path>
	<source>
		<database>roboflow.com</database>
	</source>
	<size>
		<width>640</width>
		<height>640</height>
		<depth>3</depth>
	</size>
	<segmented>0</segmented>
	<object>
		<name>awake</name>
		<pose>Unspecified</pose>
		<truncated>0</truncated>
		<difficult>0</difficult>
		<occluded>0</occluded>
		<bndbox>
			<xmin>290</xmin>
			<xmax>485</xmax>
			<ymin>141</ymin>
			<ymax>533</ymax>
		</bndbox>
	</object>
</annotation>
