<annotation>
	<folder></folder>
	<filename>1598_jpg.rf.8e3fe2dd69058c7fa2421e46e864b9ab.jpg</filename>
	<path>1598_jpg.rf.8e3fe2dd69058c7fa2421e46e864b9ab.jpg</path>
	<source>
		<database>roboflow.com</database>
	</source>
	<size>
		<width>640</width>
		<height>640</height>
		<depth>3</depth>
	</size>
	<segmented>0</segmented>
	<object>
		<name>awake</name>
		<pose>Unspecified</pose>
		<truncated>0</truncated>
		<difficult>0</difficult>
		<occluded>0</occluded>
		<bndbox>
			<xmin>298</xmin>
			<xmax>488</xmax>
			<ymin>138</ymin>
			<ymax>534</ymax>
		</bndbox>
	</object>
</annotation>
