<annotation>
	<folder></folder>
	<filename>1599_jpg.rf.bc9cb7c5dddda3598f41695592199629.jpg</filename>
	<path>1599_jpg.rf.bc9cb7c5dddda3598f41695592199629.jpg</path>
	<source>
		<database>roboflow.com</database>
	</source>
	<size>
		<width>640</width>
		<height>640</height>
		<depth>3</depth>
	</size>
	<segmented>0</segmented>
	<object>
		<name>awake</name>
		<pose>Unspecified</pose>
		<truncated>0</truncated>
		<difficult>0</difficult>
		<occluded>0</occluded>
		<bndbox>
			<xmin>321</xmin>
			<xmax>495</xmax>
			<ymin>144</ymin>
			<ymax>528</ymax>
		</bndbox>
	</object>
</annotation>
