<annotation>
	<folder></folder>
	<filename>159_jpg.rf.5596aa14351e96027945cbd07b1cdf6b.jpg</filename>
	<path>159_jpg.rf.5596aa14351e96027945cbd07b1cdf6b.jpg</path>
	<source>
		<database>roboflow.com</database>
	</source>
	<size>
		<width>640</width>
		<height>640</height>
		<depth>3</depth>
	</size>
	<segmented>0</segmented>
	<object>
		<name>drowsy</name>
		<pose>Unspecified</pose>
		<truncated>0</truncated>
		<difficult>0</difficult>
		<occluded>0</occluded>
		<bndbox>
			<xmin>271</xmin>
			<xmax>391</xmax>
			<ymin>151</ymin>
			<ymax>392</ymax>
		</bndbox>
	</object>
</annotation>
