<annotation>
	<folder></folder>
	<filename>15_jpg.rf.7f91d0c1be297d1f754c1b2b785f3c98.jpg</filename>
	<path>15_jpg.rf.7f91d0c1be297d1f754c1b2b785f3c98.jpg</path>
	<source>
		<database>roboflow.com</database>
	</source>
	<size>
		<width>640</width>
		<height>640</height>
		<depth>3</depth>
	</size>
	<segmented>0</segmented>
	<object>
		<name>drowsy</name>
		<pose>Unspecified</pose>
		<truncated>0</truncated>
		<difficult>0</difficult>
		<occluded>0</occluded>
		<bndbox>
			<xmin>244</xmin>
			<xmax>378</xmax>
			<ymin>167</ymin>
			<ymax>453</ymax>
		</bndbox>
	</object>
</annotation>
