<annotation>
	<folder></folder>
	<filename>1600_jpg.rf.c9adc4263d627828d8c4c702f325d679.jpg</filename>
	<path>1600_jpg.rf.c9adc4263d627828d8c4c702f325d679.jpg</path>
	<source>
		<database>roboflow.com</database>
	</source>
	<size>
		<width>640</width>
		<height>640</height>
		<depth>3</depth>
	</size>
	<segmented>0</segmented>
	<object>
		<name>awake</name>
		<pose>Unspecified</pose>
		<truncated>0</truncated>
		<difficult>0</difficult>
		<occluded>0</occluded>
		<bndbox>
			<xmin>300</xmin>
			<xmax>488</xmax>
			<ymin>148</ymin>
			<ymax>538</ymax>
		</bndbox>
	</object>
</annotation>
