<annotation>
	<folder></folder>
	<filename>160_jpg.rf.b4b2de16823dcfb86e0746e19ba98bde.jpg</filename>
	<path>160_jpg.rf.b4b2de16823dcfb86e0746e19ba98bde.jpg</path>
	<source>
		<database>roboflow.com</database>
	</source>
	<size>
		<width>640</width>
		<height>640</height>
		<depth>3</depth>
	</size>
	<segmented>0</segmented>
	<object>
		<name>drowsy</name>
		<pose>Unspecified</pose>
		<truncated>0</truncated>
		<difficult>0</difficult>
		<occluded>0</occluded>
		<bndbox>
			<xmin>283</xmin>
			<xmax>406</xmax>
			<ymin>144</ymin>
			<ymax>386</ymax>
		</bndbox>
	</object>
</annotation>
