<annotation>
	<folder></folder>
	<filename>1611_jpg.rf.66986a7d622b6c6e9ef67faa83a9d271.jpg</filename>
	<path>1611_jpg.rf.66986a7d622b6c6e9ef67faa83a9d271.jpg</path>
	<source>
		<database>roboflow.com</database>
	</source>
	<size>
		<width>640</width>
		<height>640</height>
		<depth>3</depth>
	</size>
	<segmented>0</segmented>
	<object>
		<name>awake</name>
		<pose>Unspecified</pose>
		<truncated>0</truncated>
		<difficult>0</difficult>
		<occluded>0</occluded>
		<bndbox>
			<xmin>302</xmin>
			<xmax>486</xmax>
			<ymin>144</ymin>
			<ymax>529</ymax>
		</bndbox>
	</object>
</annotation>
