<annotation>
	<folder></folder>
	<filename>161_jpg.rf.7f9254491ed8425c2ce7afe8494500a8.jpg</filename>
	<path>161_jpg.rf.7f9254491ed8425c2ce7afe8494500a8.jpg</path>
	<source>
		<database>roboflow.com</database>
	</source>
	<size>
		<width>640</width>
		<height>640</height>
		<depth>3</depth>
	</size>
	<segmented>0</segmented>
	<object>
		<name>drowsy</name>
		<pose>Unspecified</pose>
		<truncated>0</truncated>
		<difficult>0</difficult>
		<occluded>0</occluded>
		<bndbox>
			<xmin>298</xmin>
			<xmax>426</xmax>
			<ymin>144</ymin>
			<ymax>382</ymax>
		</bndbox>
	</object>
</annotation>
