<annotation>
	<folder></folder>
	<filename>1627_jpg.rf.6752e68b7326733c8d27837903d5ea52.jpg</filename>
	<path>1627_jpg.rf.6752e68b7326733c8d27837903d5ea52.jpg</path>
	<source>
		<database>roboflow.com</database>
	</source>
	<size>
		<width>640</width>
		<height>640</height>
		<depth>3</depth>
	</size>
	<segmented>0</segmented>
	<object>
		<name>awake</name>
		<pose>Unspecified</pose>
		<truncated>0</truncated>
		<difficult>0</difficult>
		<occluded>0</occluded>
		<bndbox>
			<xmin>277</xmin>
			<xmax>422</xmax>
			<ymin>188</ymin>
			<ymax>470</ymax>
		</bndbox>
	</object>
</annotation>
