<annotation>
	<folder></folder>
	<filename>1629_jpg.rf.853efac45ea2982e55100a91612853f6.jpg</filename>
	<path>1629_jpg.rf.853efac45ea2982e55100a91612853f6.jpg</path>
	<source>
		<database>roboflow.com</database>
	</source>
	<size>
		<width>640</width>
		<height>640</height>
		<depth>3</depth>
	</size>
	<segmented>0</segmented>
	<object>
		<name>awake</name>
		<pose>Unspecified</pose>
		<truncated>0</truncated>
		<difficult>0</difficult>
		<occluded>0</occluded>
		<bndbox>
			<xmin>282</xmin>
			<xmax>426</xmax>
			<ymin>192</ymin>
			<ymax>473</ymax>
		</bndbox>
	</object>
</annotation>
