<annotation>
	<folder></folder>
	<filename>162_jpg.rf.5089708fcb2f9ffa7cba8e96c7fb516f.jpg</filename>
	<path>162_jpg.rf.5089708fcb2f9ffa7cba8e96c7fb516f.jpg</path>
	<source>
		<database>roboflow.com</database>
	</source>
	<size>
		<width>640</width>
		<height>640</height>
		<depth>3</depth>
	</size>
	<segmented>0</segmented>
	<object>
		<name>drowsy</name>
		<pose>Unspecified</pose>
		<truncated>0</truncated>
		<difficult>0</difficult>
		<occluded>0</occluded>
		<bndbox>
			<xmin>304</xmin>
			<xmax>434</xmax>
			<ymin>144</ymin>
			<ymax>373</ymax>
		</bndbox>
	</object>
</annotation>
