<annotation>
	<folder></folder>
	<filename>1630_jpg.rf.e484a9e1a739e71d1ccef6487845bc72.jpg</filename>
	<path>1630_jpg.rf.e484a9e1a739e71d1ccef6487845bc72.jpg</path>
	<source>
		<database>roboflow.com</database>
	</source>
	<size>
		<width>640</width>
		<height>640</height>
		<depth>3</depth>
	</size>
	<segmented>0</segmented>
	<object>
		<name>awake</name>
		<pose>Unspecified</pose>
		<truncated>0</truncated>
		<difficult>0</difficult>
		<occluded>0</occluded>
		<bndbox>
			<xmin>284</xmin>
			<xmax>421</xmax>
			<ymin>183</ymin>
			<ymax>475</ymax>
		</bndbox>
	</object>
</annotation>
