<annotation>
	<folder></folder>
	<filename>163_jpg.rf.d0bd40cc298cd14ebfc3e9924c7f732d.jpg</filename>
	<path>163_jpg.rf.d0bd40cc298cd14ebfc3e9924c7f732d.jpg</path>
	<source>
		<database>roboflow.com</database>
	</source>
	<size>
		<width>640</width>
		<height>640</height>
		<depth>3</depth>
	</size>
	<segmented>0</segmented>
	<object>
		<name>drowsy</name>
		<pose>Unspecified</pose>
		<truncated>0</truncated>
		<difficult>0</difficult>
		<occluded>0</occluded>
		<bndbox>
			<xmin>307</xmin>
			<xmax>433</xmax>
			<ymin>139</ymin>
			<ymax>392</ymax>
		</bndbox>
	</object>
</annotation>
