<annotation>
	<folder></folder>
	<filename>1641_jpg.rf.44c38e5351d60fc4230b36a1a8679542.jpg</filename>
	<path>1641_jpg.rf.44c38e5351d60fc4230b36a1a8679542.jpg</path>
	<source>
		<database>roboflow.com</database>
	</source>
	<size>
		<width>640</width>
		<height>640</height>
		<depth>3</depth>
	</size>
	<segmented>0</segmented>
	<object>
		<name>awake</name>
		<pose>Unspecified</pose>
		<truncated>0</truncated>
		<difficult>0</difficult>
		<occluded>0</occluded>
		<bndbox>
			<xmin>285</xmin>
			<xmax>417</xmax>
			<ymin>194</ymin>
			<ymax>470</ymax>
		</bndbox>
	</object>
</annotation>
