<annotation>
	<folder></folder>
	<filename>1642_jpg.rf.a1a9da4509ce9c6e12e71ae282af642b.jpg</filename>
	<path>1642_jpg.rf.a1a9da4509ce9c6e12e71ae282af642b.jpg</path>
	<source>
		<database>roboflow.com</database>
	</source>
	<size>
		<width>640</width>
		<height>640</height>
		<depth>3</depth>
	</size>
	<segmented>0</segmented>
	<object>
		<name>awake</name>
		<pose>Unspecified</pose>
		<truncated>0</truncated>
		<difficult>0</difficult>
		<occluded>0</occluded>
		<bndbox>
			<xmin>283</xmin>
			<xmax>413</xmax>
			<ymin>192</ymin>
			<ymax>472</ymax>
		</bndbox>
	</object>
</annotation>
