<annotation>
	<folder></folder>
	<filename>1643_jpg.rf.5daaa602e6deb71a3920d51822a4c5cf.jpg</filename>
	<path>1643_jpg.rf.5daaa602e6deb71a3920d51822a4c5cf.jpg</path>
	<source>
		<database>roboflow.com</database>
	</source>
	<size>
		<width>640</width>
		<height>640</height>
		<depth>3</depth>
	</size>
	<segmented>0</segmented>
	<object>
		<name>awake</name>
		<pose>Unspecified</pose>
		<truncated>0</truncated>
		<difficult>0</difficult>
		<occluded>0</occluded>
		<bndbox>
			<xmin>274</xmin>
			<xmax>416</xmax>
			<ymin>183</ymin>
			<ymax>465</ymax>
		</bndbox>
	</object>
</annotation>
