<annotation>
	<folder></folder>
	<filename>1647_jpg.rf.167ce2bb5e3c75ce6b9426773fdd8cfb.jpg</filename>
	<path>1647_jpg.rf.167ce2bb5e3c75ce6b9426773fdd8cfb.jpg</path>
	<source>
		<database>roboflow.com</database>
	</source>
	<size>
		<width>640</width>
		<height>640</height>
		<depth>3</depth>
	</size>
	<segmented>0</segmented>
	<object>
		<name>awake</name>
		<pose>Unspecified</pose>
		<truncated>0</truncated>
		<difficult>0</difficult>
		<occluded>0</occluded>
		<bndbox>
			<xmin>264</xmin>
			<xmax>404</xmax>
			<ymin>189</ymin>
			<ymax>473</ymax>
		</bndbox>
	</object>
</annotation>
