<annotation>
	<folder></folder>
	<filename>1648_jpg.rf.716b92258d85b6359320b8b62bc510bf.jpg</filename>
	<path>1648_jpg.rf.716b92258d85b6359320b8b62bc510bf.jpg</path>
	<source>
		<database>roboflow.com</database>
	</source>
	<size>
		<width>640</width>
		<height>640</height>
		<depth>3</depth>
	</size>
	<segmented>0</segmented>
	<object>
		<name>awake</name>
		<pose>Unspecified</pose>
		<truncated>0</truncated>
		<difficult>0</difficult>
		<occluded>0</occluded>
		<bndbox>
			<xmin>251</xmin>
			<xmax>444</xmax>
			<ymin>171</ymin>
			<ymax>546</ymax>
		</bndbox>
	</object>
</annotation>
