<annotation>
	<folder></folder>
	<filename>164_jpg.rf.56d681947fb9cd518e0fa1dadd8a29be.jpg</filename>
	<path>164_jpg.rf.56d681947fb9cd518e0fa1dadd8a29be.jpg</path>
	<source>
		<database>roboflow.com</database>
	</source>
	<size>
		<width>640</width>
		<height>640</height>
		<depth>3</depth>
	</size>
	<segmented>0</segmented>
	<object>
		<name>drowsy</name>
		<pose>Unspecified</pose>
		<truncated>0</truncated>
		<difficult>0</difficult>
		<occluded>0</occluded>
		<bndbox>
			<xmin>276</xmin>
			<xmax>404</xmax>
			<ymin>143</ymin>
			<ymax>402</ymax>
		</bndbox>
	</object>
</annotation>
