<annotation>
	<folder></folder>
	<filename>1651_jpg.rf.d95c2d70d55e3bf180e775d24b572e56.jpg</filename>
	<path>1651_jpg.rf.d95c2d70d55e3bf180e775d24b572e56.jpg</path>
	<source>
		<database>roboflow.com</database>
	</source>
	<size>
		<width>640</width>
		<height>640</height>
		<depth>3</depth>
	</size>
	<segmented>0</segmented>
	<object>
		<name>awake</name>
		<pose>Unspecified</pose>
		<truncated>0</truncated>
		<difficult>0</difficult>
		<occluded>0</occluded>
		<bndbox>
			<xmin>257</xmin>
			<xmax>428</xmax>
			<ymin>123</ymin>
			<ymax>485</ymax>
		</bndbox>
	</object>
</annotation>
