<annotation>
	<folder></folder>
	<filename>1652_jpg.rf.14b1c2330fe6cb757d0e2d31875ed6ba.jpg</filename>
	<path>1652_jpg.rf.14b1c2330fe6cb757d0e2d31875ed6ba.jpg</path>
	<source>
		<database>roboflow.com</database>
	</source>
	<size>
		<width>640</width>
		<height>640</height>
		<depth>3</depth>
	</size>
	<segmented>0</segmented>
	<object>
		<name>awake</name>
		<pose>Unspecified</pose>
		<truncated>0</truncated>
		<difficult>0</difficult>
		<occluded>0</occluded>
		<bndbox>
			<xmin>289</xmin>
			<xmax>456</xmax>
			<ymin>133</ymin>
			<ymax>492</ymax>
		</bndbox>
	</object>
</annotation>
