<annotation>
	<folder></folder>
	<filename>1653_jpg.rf.cea1fe2ff6016499cdb996a14715683c.jpg</filename>
	<path>1653_jpg.rf.cea1fe2ff6016499cdb996a14715683c.jpg</path>
	<source>
		<database>roboflow.com</database>
	</source>
	<size>
		<width>640</width>
		<height>640</height>
		<depth>3</depth>
	</size>
	<segmented>0</segmented>
	<object>
		<name>awake</name>
		<pose>Unspecified</pose>
		<truncated>0</truncated>
		<difficult>0</difficult>
		<occluded>0</occluded>
		<bndbox>
			<xmin>318</xmin>
			<xmax>471</xmax>
			<ymin>155</ymin>
			<ymax>504</ymax>
		</bndbox>
	</object>
</annotation>
