<annotation>
	<folder></folder>
	<filename>165_jpg.rf.87b5c6cfebeacb947e583ae011df4a7e.jpg</filename>
	<path>165_jpg.rf.87b5c6cfebeacb947e583ae011df4a7e.jpg</path>
	<source>
		<database>roboflow.com</database>
	</source>
	<size>
		<width>640</width>
		<height>640</height>
		<depth>3</depth>
	</size>
	<segmented>0</segmented>
	<object>
		<name>drowsy</name>
		<pose>Unspecified</pose>
		<truncated>0</truncated>
		<difficult>0</difficult>
		<occluded>0</occluded>
		<bndbox>
			<xmin>255</xmin>
			<xmax>454</xmax>
			<ymin>99</ymin>
			<ymax>507</ymax>
		</bndbox>
	</object>
</annotation>
