<annotation>
	<folder></folder>
	<filename>166_jpg.rf.6dbb1a98a6ebd76f84d3dc2e8fa95efe.jpg</filename>
	<path>166_jpg.rf.6dbb1a98a6ebd76f84d3dc2e8fa95efe.jpg</path>
	<source>
		<database>roboflow.com</database>
	</source>
	<size>
		<width>640</width>
		<height>640</height>
		<depth>3</depth>
	</size>
	<segmented>0</segmented>
	<object>
		<name>drowsy</name>
		<pose>Unspecified</pose>
		<truncated>0</truncated>
		<difficult>0</difficult>
		<occluded>0</occluded>
		<bndbox>
			<xmin>252</xmin>
			<xmax>454</xmax>
			<ymin>89</ymin>
			<ymax>505</ymax>
		</bndbox>
	</object>
</annotation>
