<annotation>
	<folder></folder>
	<filename>167_jpg.rf.e1b19675e38256718a78537facfea846.jpg</filename>
	<path>167_jpg.rf.e1b19675e38256718a78537facfea846.jpg</path>
	<source>
		<database>roboflow.com</database>
	</source>
	<size>
		<width>640</width>
		<height>640</height>
		<depth>3</depth>
	</size>
	<segmented>0</segmented>
	<object>
		<name>drowsy</name>
		<pose>Unspecified</pose>
		<truncated>0</truncated>
		<difficult>0</difficult>
		<occluded>0</occluded>
		<bndbox>
			<xmin>252</xmin>
			<xmax>446</xmax>
			<ymin>86</ymin>
			<ymax>500</ymax>
		</bndbox>
	</object>
</annotation>
