<annotation>
	<folder></folder>
	<filename>1686_jpg.rf.d9ebe86379329129eea392e026457ff0.jpg</filename>
	<path>1686_jpg.rf.d9ebe86379329129eea392e026457ff0.jpg</path>
	<source>
		<database>roboflow.com</database>
	</source>
	<size>
		<width>640</width>
		<height>640</height>
		<depth>3</depth>
	</size>
	<segmented>0</segmented>
	<object>
		<name>awake</name>
		<pose>Unspecified</pose>
		<truncated>0</truncated>
		<difficult>0</difficult>
		<occluded>0</occluded>
		<bndbox>
			<xmin>228</xmin>
			<xmax>379</xmax>
			<ymin>97</ymin>
			<ymax>433</ymax>
		</bndbox>
	</object>
</annotation>
