<annotation>
	<folder></folder>
	<filename>1689_jpg.rf.c5347e0ef3886bf77fda98b8697bfa54.jpg</filename>
	<path>1689_jpg.rf.c5347e0ef3886bf77fda98b8697bfa54.jpg</path>
	<source>
		<database>roboflow.com</database>
	</source>
	<size>
		<width>640</width>
		<height>640</height>
		<depth>3</depth>
	</size>
	<segmented>0</segmented>
	<object>
		<name>awake</name>
		<pose>Unspecified</pose>
		<truncated>0</truncated>
		<difficult>0</difficult>
		<occluded>0</occluded>
		<bndbox>
			<xmin>216</xmin>
			<xmax>371</xmax>
			<ymin>83</ymin>
			<ymax>428</ymax>
		</bndbox>
	</object>
</annotation>
