<annotation>
	<folder></folder>
	<filename>168_jpg.rf.135fdbaa96ba01e97cb2fe121894a7e7.jpg</filename>
	<path>168_jpg.rf.135fdbaa96ba01e97cb2fe121894a7e7.jpg</path>
	<source>
		<database>roboflow.com</database>
	</source>
	<size>
		<width>640</width>
		<height>640</height>
		<depth>3</depth>
	</size>
	<segmented>0</segmented>
	<object>
		<name>drowsy</name>
		<pose>Unspecified</pose>
		<truncated>0</truncated>
		<difficult>0</difficult>
		<occluded>0</occluded>
		<bndbox>
			<xmin>232</xmin>
			<xmax>421</xmax>
			<ymin>140</ymin>
			<ymax>501</ymax>
		</bndbox>
	</object>
</annotation>
