<annotation>
	<folder></folder>
	<filename>1690_jpg.rf.957ab4c26c0bf86547b6bd38f566ede5.jpg</filename>
	<path>1690_jpg.rf.957ab4c26c0bf86547b6bd38f566ede5.jpg</path>
	<source>
		<database>roboflow.com</database>
	</source>
	<size>
		<width>640</width>
		<height>640</height>
		<depth>3</depth>
	</size>
	<segmented>0</segmented>
	<object>
		<name>awake</name>
		<pose>Unspecified</pose>
		<truncated>0</truncated>
		<difficult>0</difficult>
		<occluded>0</occluded>
		<bndbox>
			<xmin>214</xmin>
			<xmax>368</xmax>
			<ymin>91</ymin>
			<ymax>430</ymax>
		</bndbox>
	</object>
</annotation>
