<annotation>
	<folder></folder>
	<filename>169_jpg.rf.3c1c280806d298c4a5d03a72d1c7d2ba.jpg</filename>
	<path>169_jpg.rf.3c1c280806d298c4a5d03a72d1c7d2ba.jpg</path>
	<source>
		<database>roboflow.com</database>
	</source>
	<size>
		<width>640</width>
		<height>640</height>
		<depth>3</depth>
	</size>
	<segmented>0</segmented>
	<object>
		<name>drowsy</name>
		<pose>Unspecified</pose>
		<truncated>0</truncated>
		<difficult>0</difficult>
		<occluded>0</occluded>
		<bndbox>
			<xmin>231</xmin>
			<xmax>422</xmax>
			<ymin>123</ymin>
			<ymax>496</ymax>
		</bndbox>
	</object>
</annotation>
