<annotation>
	<folder></folder>
	<filename>16_jpg.rf.4b50c0a37a1751c6aa1a41ae86bbe109.jpg</filename>
	<path>16_jpg.rf.4b50c0a37a1751c6aa1a41ae86bbe109.jpg</path>
	<source>
		<database>roboflow.com</database>
	</source>
	<size>
		<width>640</width>
		<height>640</height>
		<depth>3</depth>
	</size>
	<segmented>0</segmented>
	<object>
		<name>drowsy</name>
		<pose>Unspecified</pose>
		<truncated>0</truncated>
		<difficult>0</difficult>
		<occluded>0</occluded>
		<bndbox>
			<xmin>246</xmin>
			<xmax>379</xmax>
			<ymin>171</ymin>
			<ymax>450</ymax>
		</bndbox>
	</object>
</annotation>
