<annotation>
	<folder></folder>
	<filename>1701_jpg.rf.399003405b05e71ea064c8cc3e1a2a24.jpg</filename>
	<path>1701_jpg.rf.399003405b05e71ea064c8cc3e1a2a24.jpg</path>
	<source>
		<database>roboflow.com</database>
	</source>
	<size>
		<width>640</width>
		<height>640</height>
		<depth>3</depth>
	</size>
	<segmented>0</segmented>
	<object>
		<name>awake</name>
		<pose>Unspecified</pose>
		<truncated>0</truncated>
		<difficult>0</difficult>
		<occluded>0</occluded>
		<bndbox>
			<xmin>182</xmin>
			<xmax>350</xmax>
			<ymin>75</ymin>
			<ymax>433</ymax>
		</bndbox>
	</object>
</annotation>
