<annotation>
	<folder></folder>
	<filename>1703_jpg.rf.cfb9594cb162d4b4358f98a52a0382ce.jpg</filename>
	<path>1703_jpg.rf.cfb9594cb162d4b4358f98a52a0382ce.jpg</path>
	<source>
		<database>roboflow.com</database>
	</source>
	<size>
		<width>640</width>
		<height>640</height>
		<depth>3</depth>
	</size>
	<segmented>0</segmented>
	<object>
		<name>awake</name>
		<pose>Unspecified</pose>
		<truncated>0</truncated>
		<difficult>0</difficult>
		<occluded>0</occluded>
		<bndbox>
			<xmin>214</xmin>
			<xmax>367</xmax>
			<ymin>72</ymin>
			<ymax>426</ymax>
		</bndbox>
	</object>
</annotation>
