<annotation>
	<folder></folder>
	<filename>1706_jpg.rf.345cb52f3e4da8e3df778e37ee73775e.jpg</filename>
	<path>1706_jpg.rf.345cb52f3e4da8e3df778e37ee73775e.jpg</path>
	<source>
		<database>roboflow.com</database>
	</source>
	<size>
		<width>640</width>
		<height>640</height>
		<depth>3</depth>
	</size>
	<segmented>0</segmented>
	<object>
		<name>awake</name>
		<pose>Unspecified</pose>
		<truncated>0</truncated>
		<difficult>0</difficult>
		<occluded>0</occluded>
		<bndbox>
			<xmin>257</xmin>
			<xmax>434</xmax>
			<ymin>132</ymin>
			<ymax>520</ymax>
		</bndbox>
	</object>
</annotation>
