<annotation>
	<folder></folder>
	<filename>1707_jpg.rf.dfcd05aa84b83e119d4165101b73f6c7.jpg</filename>
	<path>1707_jpg.rf.dfcd05aa84b83e119d4165101b73f6c7.jpg</path>
	<source>
		<database>roboflow.com</database>
	</source>
	<size>
		<width>640</width>
		<height>640</height>
		<depth>3</depth>
	</size>
	<segmented>0</segmented>
	<object>
		<name>awake</name>
		<pose>Unspecified</pose>
		<truncated>0</truncated>
		<difficult>0</difficult>
		<occluded>0</occluded>
		<bndbox>
			<xmin>297</xmin>
			<xmax>461</xmax>
			<ymin>127</ymin>
			<ymax>509</ymax>
		</bndbox>
	</object>
</annotation>
