<annotation>
	<folder></folder>
	<filename>1708_jpg.rf.e0c17b3dbb371486b8be80aef98d36d8.jpg</filename>
	<path>1708_jpg.rf.e0c17b3dbb371486b8be80aef98d36d8.jpg</path>
	<source>
		<database>roboflow.com</database>
	</source>
	<size>
		<width>640</width>
		<height>640</height>
		<depth>3</depth>
	</size>
	<segmented>0</segmented>
	<object>
		<name>awake</name>
		<pose>Unspecified</pose>
		<truncated>0</truncated>
		<difficult>0</difficult>
		<occluded>0</occluded>
		<bndbox>
			<xmin>295</xmin>
			<xmax>456</xmax>
			<ymin>131</ymin>
			<ymax>513</ymax>
		</bndbox>
	</object>
</annotation>
