<annotation>
	<folder></folder>
	<filename>170_jpg.rf.eb921151414e6f51441146ee04b102d8.jpg</filename>
	<path>170_jpg.rf.eb921151414e6f51441146ee04b102d8.jpg</path>
	<source>
		<database>roboflow.com</database>
	</source>
	<size>
		<width>640</width>
		<height>640</height>
		<depth>3</depth>
	</size>
	<segmented>0</segmented>
	<object>
		<name>drowsy</name>
		<pose>Unspecified</pose>
		<truncated>0</truncated>
		<difficult>0</difficult>
		<occluded>0</occluded>
		<bndbox>
			<xmin>222</xmin>
			<xmax>420</xmax>
			<ymin>132</ymin>
			<ymax>490</ymax>
		</bndbox>
	</object>
</annotation>
