<annotation>
	<folder></folder>
	<filename>1711_jpg.rf.36f4292c322daa25a2f1ed8182d57de7.jpg</filename>
	<path>1711_jpg.rf.36f4292c322daa25a2f1ed8182d57de7.jpg</path>
	<source>
		<database>roboflow.com</database>
	</source>
	<size>
		<width>640</width>
		<height>640</height>
		<depth>3</depth>
	</size>
	<segmented>0</segmented>
	<object>
		<name>awake</name>
		<pose>Unspecified</pose>
		<truncated>0</truncated>
		<difficult>0</difficult>
		<occluded>0</occluded>
		<bndbox>
			<xmin>286</xmin>
			<xmax>451</xmax>
			<ymin>142</ymin>
			<ymax>531</ymax>
		</bndbox>
	</object>
</annotation>
