<annotation>
	<folder></folder>
	<filename>1712_jpg.rf.12d0592428bd791fd588eaeaa9f592d6.jpg</filename>
	<path>1712_jpg.rf.12d0592428bd791fd588eaeaa9f592d6.jpg</path>
	<source>
		<database>roboflow.com</database>
	</source>
	<size>
		<width>640</width>
		<height>640</height>
		<depth>3</depth>
	</size>
	<segmented>0</segmented>
	<object>
		<name>awake</name>
		<pose>Unspecified</pose>
		<truncated>0</truncated>
		<difficult>0</difficult>
		<occluded>0</occluded>
		<bndbox>
			<xmin>290</xmin>
			<xmax>451</xmax>
			<ymin>134</ymin>
			<ymax>524</ymax>
		</bndbox>
	</object>
</annotation>
