<annotation>
	<folder></folder>
	<filename>1714_jpg.rf.cd8a59c9a77de9bcba23570c4081f23b.jpg</filename>
	<path>1714_jpg.rf.cd8a59c9a77de9bcba23570c4081f23b.jpg</path>
	<source>
		<database>roboflow.com</database>
	</source>
	<size>
		<width>640</width>
		<height>640</height>
		<depth>3</depth>
	</size>
	<segmented>0</segmented>
	<object>
		<name>awake</name>
		<pose>Unspecified</pose>
		<truncated>0</truncated>
		<difficult>0</difficult>
		<occluded>0</occluded>
		<bndbox>
			<xmin>283</xmin>
			<xmax>431</xmax>
			<ymin>139</ymin>
			<ymax>501</ymax>
		</bndbox>
	</object>
</annotation>
