<annotation>
	<folder></folder>
	<filename>171_jpg.rf.88cceb7516c2a07263b0e17662179906.jpg</filename>
	<path>171_jpg.rf.88cceb7516c2a07263b0e17662179906.jpg</path>
	<source>
		<database>roboflow.com</database>
	</source>
	<size>
		<width>640</width>
		<height>640</height>
		<depth>3</depth>
	</size>
	<segmented>0</segmented>
	<object>
		<name>drowsy</name>
		<pose>Unspecified</pose>
		<truncated>0</truncated>
		<difficult>0</difficult>
		<occluded>0</occluded>
		<bndbox>
			<xmin>215</xmin>
			<xmax>342</xmax>
			<ymin>80</ymin>
			<ymax>367</ymax>
		</bndbox>
	</object>
</annotation>
