<annotation>
	<folder></folder>
	<filename>172_jpg.rf.7c4bc62422e41aa79728dd3bcd46af10.jpg</filename>
	<path>172_jpg.rf.7c4bc62422e41aa79728dd3bcd46af10.jpg</path>
	<source>
		<database>roboflow.com</database>
	</source>
	<size>
		<width>640</width>
		<height>640</height>
		<depth>3</depth>
	</size>
	<segmented>0</segmented>
	<object>
		<name>drowsy</name>
		<pose>Unspecified</pose>
		<truncated>0</truncated>
		<difficult>0</difficult>
		<occluded>0</occluded>
		<bndbox>
			<xmin>230</xmin>
			<xmax>342</xmax>
			<ymin>79</ymin>
			<ymax>352</ymax>
		</bndbox>
	</object>
</annotation>
