<annotation>
	<folder></folder>
	<filename>1736_jpg.rf.86c51855387bb56ba31888137f1aa080.jpg</filename>
	<path>1736_jpg.rf.86c51855387bb56ba31888137f1aa080.jpg</path>
	<source>
		<database>roboflow.com</database>
	</source>
	<size>
		<width>640</width>
		<height>640</height>
		<depth>3</depth>
	</size>
	<segmented>0</segmented>
	<object>
		<name>awake</name>
		<pose>Unspecified</pose>
		<truncated>0</truncated>
		<difficult>0</difficult>
		<occluded>0</occluded>
		<bndbox>
			<xmin>394</xmin>
			<xmax>537</xmax>
			<ymin>192</ymin>
			<ymax>526</ymax>
		</bndbox>
	</object>
</annotation>
