<annotation>
	<folder></folder>
	<filename>1738_jpg.rf.712d99b3d627e7fa341848f61d7cd3c5.jpg</filename>
	<path>1738_jpg.rf.712d99b3d627e7fa341848f61d7cd3c5.jpg</path>
	<source>
		<database>roboflow.com</database>
	</source>
	<size>
		<width>640</width>
		<height>640</height>
		<depth>3</depth>
	</size>
	<segmented>0</segmented>
	<object>
		<name>awake</name>
		<pose>Unspecified</pose>
		<truncated>0</truncated>
		<difficult>0</difficult>
		<occluded>0</occluded>
		<bndbox>
			<xmin>296</xmin>
			<xmax>476</xmax>
			<ymin>145</ymin>
			<ymax>517</ymax>
		</bndbox>
	</object>
</annotation>
