<annotation>
	<folder></folder>
	<filename>1740_jpg.rf.05815108c264c36d50e54a1a920e03ae.jpg</filename>
	<path>1740_jpg.rf.05815108c264c36d50e54a1a920e03ae.jpg</path>
	<source>
		<database>roboflow.com</database>
	</source>
	<size>
		<width>640</width>
		<height>640</height>
		<depth>3</depth>
	</size>
	<segmented>0</segmented>
	<object>
		<name>awake</name>
		<pose>Unspecified</pose>
		<truncated>0</truncated>
		<difficult>0</difficult>
		<occluded>0</occluded>
		<bndbox>
			<xmin>347</xmin>
			<xmax>511</xmax>
			<ymin>174</ymin>
			<ymax>534</ymax>
		</bndbox>
	</object>
</annotation>
