<annotation>
	<folder></folder>
	<filename>174_jpg.rf.cfb93abcc504d7ba511dd726c5157337.jpg</filename>
	<path>174_jpg.rf.cfb93abcc504d7ba511dd726c5157337.jpg</path>
	<source>
		<database>roboflow.com</database>
	</source>
	<size>
		<width>640</width>
		<height>640</height>
		<depth>3</depth>
	</size>
	<segmented>0</segmented>
	<object>
		<name>drowsy</name>
		<pose>Unspecified</pose>
		<truncated>0</truncated>
		<difficult>0</difficult>
		<occluded>0</occluded>
		<bndbox>
			<xmin>233</xmin>
			<xmax>358</xmax>
			<ymin>89</ymin>
			<ymax>365</ymax>
		</bndbox>
	</object>
</annotation>
