<annotation>
	<folder></folder>
	<filename>174_jpg.rf.dee62935a3484f046dd531615abac2cb.jpg</filename>
	<path>174_jpg.rf.dee62935a3484f046dd531615abac2cb.jpg</path>
	<source>
		<database>roboflow.com</database>
	</source>
	<size>
		<width>640</width>
		<height>640</height>
		<depth>3</depth>
	</size>
	<segmented>0</segmented>
	<object>
		<name>awake</name>
		<pose>Unspecified</pose>
		<truncated>0</truncated>
		<difficult>0</difficult>
		<occluded>0</occluded>
		<bndbox>
			<xmin>183</xmin>
			<xmax>371</xmax>
			<ymin>30</ymin>
			<ymax>405</ymax>
		</bndbox>
	</object>
</annotation>
