<annotation>
	<folder></folder>
	<filename>175_jpg.rf.d2f447147eec4d8f5a847a82c99b1b5c.jpg</filename>
	<path>175_jpg.rf.d2f447147eec4d8f5a847a82c99b1b5c.jpg</path>
	<source>
		<database>roboflow.com</database>
	</source>
	<size>
		<width>640</width>
		<height>640</height>
		<depth>3</depth>
	</size>
	<segmented>0</segmented>
	<object>
		<name>awake</name>
		<pose>Unspecified</pose>
		<truncated>0</truncated>
		<difficult>0</difficult>
		<occluded>0</occluded>
		<bndbox>
			<xmin>191</xmin>
			<xmax>373</xmax>
			<ymin>28</ymin>
			<ymax>406</ymax>
		</bndbox>
	</object>
</annotation>
