<annotation>
	<folder></folder>
	<filename>175_jpg.rf.bc5d6aa99c0ded25da3776f50472ebf8.jpg</filename>
	<path>175_jpg.rf.bc5d6aa99c0ded25da3776f50472ebf8.jpg</path>
	<source>
		<database>roboflow.com</database>
	</source>
	<size>
		<width>640</width>
		<height>640</height>
		<depth>3</depth>
	</size>
	<segmented>0</segmented>
	<object>
		<name>drowsy</name>
		<pose>Unspecified</pose>
		<truncated>0</truncated>
		<difficult>0</difficult>
		<occluded>0</occluded>
		<bndbox>
			<xmin>227</xmin>
			<xmax>351</xmax>
			<ymin>84</ymin>
			<ymax>356</ymax>
		</bndbox>
	</object>
</annotation>
