<annotation>
	<folder></folder>
	<filename>1763_jpg.rf.2e7ff228ab00f133bfd1b8cc6e2a6e3a.jpg</filename>
	<path>1763_jpg.rf.2e7ff228ab00f133bfd1b8cc6e2a6e3a.jpg</path>
	<source>
		<database>roboflow.com</database>
	</source>
	<size>
		<width>640</width>
		<height>640</height>
		<depth>3</depth>
	</size>
	<segmented>0</segmented>
	<object>
		<name>awake</name>
		<pose>Unspecified</pose>
		<truncated>0</truncated>
		<difficult>0</difficult>
		<occluded>0</occluded>
		<bndbox>
			<xmin>274</xmin>
			<xmax>448</xmax>
			<ymin>139</ymin>
			<ymax>499</ymax>
		</bndbox>
	</object>
</annotation>
