<annotation>
	<folder></folder>
	<filename>1764_jpg.rf.1e9166e5b34188ff4b0a98d417e3aa51.jpg</filename>
	<path>1764_jpg.rf.1e9166e5b34188ff4b0a98d417e3aa51.jpg</path>
	<source>
		<database>roboflow.com</database>
	</source>
	<size>
		<width>640</width>
		<height>640</height>
		<depth>3</depth>
	</size>
	<segmented>0</segmented>
	<object>
		<name>awake</name>
		<pose>Unspecified</pose>
		<truncated>0</truncated>
		<difficult>0</difficult>
		<occluded>0</occluded>
		<bndbox>
			<xmin>270</xmin>
			<xmax>443</xmax>
			<ymin>143</ymin>
			<ymax>505</ymax>
		</bndbox>
	</object>
</annotation>
