<annotation>
	<folder></folder>
	<filename>1766_jpg.rf.563afc54d60a1d33c9dcb2af4117213f.jpg</filename>
	<path>1766_jpg.rf.563afc54d60a1d33c9dcb2af4117213f.jpg</path>
	<source>
		<database>roboflow.com</database>
	</source>
	<size>
		<width>640</width>
		<height>640</height>
		<depth>3</depth>
	</size>
	<segmented>0</segmented>
	<object>
		<name>awake</name>
		<pose>Unspecified</pose>
		<truncated>0</truncated>
		<difficult>0</difficult>
		<occluded>0</occluded>
		<bndbox>
			<xmin>263</xmin>
			<xmax>443</xmax>
			<ymin>140</ymin>
			<ymax>509</ymax>
		</bndbox>
	</object>
</annotation>
