<annotation>
	<folder></folder>
	<filename>1767_jpg.rf.9fc98d787ac0fb87dfbd9b85dba05414.jpg</filename>
	<path>1767_jpg.rf.9fc98d787ac0fb87dfbd9b85dba05414.jpg</path>
	<source>
		<database>roboflow.com</database>
	</source>
	<size>
		<width>640</width>
		<height>640</height>
		<depth>3</depth>
	</size>
	<segmented>0</segmented>
	<object>
		<name>awake</name>
		<pose>Unspecified</pose>
		<truncated>0</truncated>
		<difficult>0</difficult>
		<occluded>0</occluded>
		<bndbox>
			<xmin>265</xmin>
			<xmax>445</xmax>
			<ymin>154</ymin>
			<ymax>517</ymax>
		</bndbox>
	</object>
</annotation>
