<annotation>
	<folder></folder>
	<filename>1768_jpg.rf.c4dda644d45c6a6e918c4beb02d509e5.jpg</filename>
	<path>1768_jpg.rf.c4dda644d45c6a6e918c4beb02d509e5.jpg</path>
	<source>
		<database>roboflow.com</database>
	</source>
	<size>
		<width>640</width>
		<height>640</height>
		<depth>3</depth>
	</size>
	<segmented>0</segmented>
	<object>
		<name>awake</name>
		<pose>Unspecified</pose>
		<truncated>0</truncated>
		<difficult>0</difficult>
		<occluded>0</occluded>
		<bndbox>
			<xmin>264</xmin>
			<xmax>444</xmax>
			<ymin>155</ymin>
			<ymax>512</ymax>
		</bndbox>
	</object>
</annotation>
