<annotation>
	<folder></folder>
	<filename>1769_jpg.rf.e0a603d23a4e0896a19006bccfb1f8f6.jpg</filename>
	<path>1769_jpg.rf.e0a603d23a4e0896a19006bccfb1f8f6.jpg</path>
	<source>
		<database>roboflow.com</database>
	</source>
	<size>
		<width>640</width>
		<height>640</height>
		<depth>3</depth>
	</size>
	<segmented>0</segmented>
	<object>
		<name>awake</name>
		<pose>Unspecified</pose>
		<truncated>0</truncated>
		<difficult>0</difficult>
		<occluded>0</occluded>
		<bndbox>
			<xmin>271</xmin>
			<xmax>448</xmax>
			<ymin>159</ymin>
			<ymax>518</ymax>
		</bndbox>
	</object>
</annotation>
