<annotation>
	<folder></folder>
	<filename>176_jpg.rf.b7bdd5d7bcd8a5e33acbe55a6930ecbb.jpg</filename>
	<path>176_jpg.rf.b7bdd5d7bcd8a5e33acbe55a6930ecbb.jpg</path>
	<source>
		<database>roboflow.com</database>
	</source>
	<size>
		<width>640</width>
		<height>640</height>
		<depth>3</depth>
	</size>
	<segmented>0</segmented>
	<object>
		<name>awake</name>
		<pose>Unspecified</pose>
		<truncated>0</truncated>
		<difficult>0</difficult>
		<occluded>0</occluded>
		<bndbox>
			<xmin>260</xmin>
			<xmax>376</xmax>
			<ymin>28</ymin>
			<ymax>402</ymax>
		</bndbox>
	</object>
</annotation>
