<annotation>
	<folder></folder>
	<filename>176_jpg.rf.4a8aa83bb5e897cffc9cb85041e08fb7.jpg</filename>
	<path>176_jpg.rf.4a8aa83bb5e897cffc9cb85041e08fb7.jpg</path>
	<source>
		<database>roboflow.com</database>
	</source>
	<size>
		<width>640</width>
		<height>640</height>
		<depth>3</depth>
	</size>
	<segmented>0</segmented>
	<object>
		<name>drowsy</name>
		<pose>Unspecified</pose>
		<truncated>0</truncated>
		<difficult>0</difficult>
		<occluded>0</occluded>
		<bndbox>
			<xmin>224</xmin>
			<xmax>347</xmax>
			<ymin>80</ymin>
			<ymax>348</ymax>
		</bndbox>
	</object>
</annotation>
