<annotation>
	<folder></folder>
	<filename>1771_jpg.rf.c137222bed8948373fbf6ba45b8f6a1d.jpg</filename>
	<path>1771_jpg.rf.c137222bed8948373fbf6ba45b8f6a1d.jpg</path>
	<source>
		<database>roboflow.com</database>
	</source>
	<size>
		<width>640</width>
		<height>640</height>
		<depth>3</depth>
	</size>
	<segmented>0</segmented>
	<object>
		<name>awake</name>
		<pose>Unspecified</pose>
		<truncated>0</truncated>
		<difficult>0</difficult>
		<occluded>0</occluded>
		<bndbox>
			<xmin>261</xmin>
			<xmax>441</xmax>
			<ymin>155</ymin>
			<ymax>512</ymax>
		</bndbox>
	</object>
</annotation>
