<annotation>
	<folder></folder>
	<filename>1777_jpg.rf.87bb3e742d71c974820080970e834363.jpg</filename>
	<path>1777_jpg.rf.87bb3e742d71c974820080970e834363.jpg</path>
	<source>
		<database>roboflow.com</database>
	</source>
	<size>
		<width>640</width>
		<height>640</height>
		<depth>3</depth>
	</size>
	<segmented>0</segmented>
	<object>
		<name>awake</name>
		<pose>Unspecified</pose>
		<truncated>0</truncated>
		<difficult>0</difficult>
		<occluded>0</occluded>
		<bndbox>
			<xmin>274</xmin>
			<xmax>451</xmax>
			<ymin>150</ymin>
			<ymax>515</ymax>
		</bndbox>
	</object>
</annotation>
