<annotation>
	<folder></folder>
	<filename>1778_jpg.rf.e42a87663fc5d6ac40bc0bab6ff83f2d.jpg</filename>
	<path>1778_jpg.rf.e42a87663fc5d6ac40bc0bab6ff83f2d.jpg</path>
	<source>
		<database>roboflow.com</database>
	</source>
	<size>
		<width>640</width>
		<height>640</height>
		<depth>3</depth>
	</size>
	<segmented>0</segmented>
	<object>
		<name>awake</name>
		<pose>Unspecified</pose>
		<truncated>0</truncated>
		<difficult>0</difficult>
		<occluded>0</occluded>
		<bndbox>
			<xmin>265</xmin>
			<xmax>443</xmax>
			<ymin>145</ymin>
			<ymax>510</ymax>
		</bndbox>
	</object>
</annotation>
