<annotation>
	<folder></folder>
	<filename>1779_jpg.rf.a8052d4c72fd5f847cc6e20b715701c3.jpg</filename>
	<path>1779_jpg.rf.a8052d4c72fd5f847cc6e20b715701c3.jpg</path>
	<source>
		<database>roboflow.com</database>
	</source>
	<size>
		<width>640</width>
		<height>640</height>
		<depth>3</depth>
	</size>
	<segmented>0</segmented>
	<object>
		<name>awake</name>
		<pose>Unspecified</pose>
		<truncated>0</truncated>
		<difficult>0</difficult>
		<occluded>0</occluded>
		<bndbox>
			<xmin>266</xmin>
			<xmax>445</xmax>
			<ymin>144</ymin>
			<ymax>522</ymax>
		</bndbox>
	</object>
</annotation>
