<annotation>
	<folder></folder>
	<filename>177_jpg.rf.d19e507fd639f516b471e5247307d3f7.jpg</filename>
	<path>177_jpg.rf.d19e507fd639f516b471e5247307d3f7.jpg</path>
	<source>
		<database>roboflow.com</database>
	</source>
	<size>
		<width>640</width>
		<height>640</height>
		<depth>3</depth>
	</size>
	<segmented>0</segmented>
	<object>
		<name>awake</name>
		<pose>Unspecified</pose>
		<truncated>0</truncated>
		<difficult>0</difficult>
		<occluded>0</occluded>
		<bndbox>
			<xmin>264</xmin>
			<xmax>371</xmax>
			<ymin>38</ymin>
			<ymax>406</ymax>
		</bndbox>
	</object>
</annotation>
