<annotation>
	<folder></folder>
	<filename>177_jpg.rf.d0265aad0d613474cddcae1bc3497548.jpg</filename>
	<path>177_jpg.rf.d0265aad0d613474cddcae1bc3497548.jpg</path>
	<source>
		<database>roboflow.com</database>
	</source>
	<size>
		<width>640</width>
		<height>640</height>
		<depth>3</depth>
	</size>
	<segmented>0</segmented>
	<object>
		<name>drowsy</name>
		<pose>Unspecified</pose>
		<truncated>0</truncated>
		<difficult>0</difficult>
		<occluded>0</occluded>
		<bndbox>
			<xmin>55</xmin>
			<xmax>235</xmax>
			<ymin>85</ymin>
			<ymax>442</ymax>
		</bndbox>
	</object>
</annotation>
