<annotation>
	<folder></folder>
	<filename>1780_jpg.rf.3d92f0607255e9e0e605b904863773c9.jpg</filename>
	<path>1780_jpg.rf.3d92f0607255e9e0e605b904863773c9.jpg</path>
	<source>
		<database>roboflow.com</database>
	</source>
	<size>
		<width>640</width>
		<height>640</height>
		<depth>3</depth>
	</size>
	<segmented>0</segmented>
	<object>
		<name>awake</name>
		<pose>Unspecified</pose>
		<truncated>0</truncated>
		<difficult>0</difficult>
		<occluded>0</occluded>
		<bndbox>
			<xmin>264</xmin>
			<xmax>448</xmax>
			<ymin>143</ymin>
			<ymax>511</ymax>
		</bndbox>
	</object>
</annotation>
