<annotation>
	<folder></folder>
	<filename>1781_jpg.rf.8ca6f4f91319fd956fb5a936db757d94.jpg</filename>
	<path>1781_jpg.rf.8ca6f4f91319fd956fb5a936db757d94.jpg</path>
	<source>
		<database>roboflow.com</database>
	</source>
	<size>
		<width>640</width>
		<height>640</height>
		<depth>3</depth>
	</size>
	<segmented>0</segmented>
	<object>
		<name>awake</name>
		<pose>Unspecified</pose>
		<truncated>0</truncated>
		<difficult>0</difficult>
		<occluded>0</occluded>
		<bndbox>
			<xmin>269</xmin>
			<xmax>447</xmax>
			<ymin>150</ymin>
			<ymax>516</ymax>
		</bndbox>
	</object>
</annotation>
