<annotation>
	<folder></folder>
	<filename>1782_jpg.rf.2a677a14b0213eee0dc8bd9a68861294.jpg</filename>
	<path>1782_jpg.rf.2a677a14b0213eee0dc8bd9a68861294.jpg</path>
	<source>
		<database>roboflow.com</database>
	</source>
	<size>
		<width>640</width>
		<height>640</height>
		<depth>3</depth>
	</size>
	<segmented>0</segmented>
	<object>
		<name>awake</name>
		<pose>Unspecified</pose>
		<truncated>0</truncated>
		<difficult>0</difficult>
		<occluded>0</occluded>
		<bndbox>
			<xmin>400</xmin>
			<xmax>544</xmax>
			<ymin>167</ymin>
			<ymax>486</ymax>
		</bndbox>
	</object>
</annotation>
