<annotation>
	<folder></folder>
	<filename>1783_jpg.rf.a3d750c7ab7bb8f0d7014437c3c5f4f3.jpg</filename>
	<path>1783_jpg.rf.a3d750c7ab7bb8f0d7014437c3c5f4f3.jpg</path>
	<source>
		<database>roboflow.com</database>
	</source>
	<size>
		<width>640</width>
		<height>640</height>
		<depth>3</depth>
	</size>
	<segmented>0</segmented>
	<object>
		<name>awake</name>
		<pose>Unspecified</pose>
		<truncated>0</truncated>
		<difficult>0</difficult>
		<occluded>0</occluded>
		<bndbox>
			<xmin>369</xmin>
			<xmax>530</xmax>
			<ymin>171</ymin>
			<ymax>487</ymax>
		</bndbox>
	</object>
</annotation>
