<annotation>
	<folder></folder>
	<filename>1784_jpg.rf.3210a07ed014ee81dd4a0efdadecc41f.jpg</filename>
	<path>1784_jpg.rf.3210a07ed014ee81dd4a0efdadecc41f.jpg</path>
	<source>
		<database>roboflow.com</database>
	</source>
	<size>
		<width>640</width>
		<height>640</height>
		<depth>3</depth>
	</size>
	<segmented>0</segmented>
	<object>
		<name>awake</name>
		<pose>Unspecified</pose>
		<truncated>0</truncated>
		<difficult>0</difficult>
		<occluded>0</occluded>
		<bndbox>
			<xmin>381</xmin>
			<xmax>529</xmax>
			<ymin>169</ymin>
			<ymax>495</ymax>
		</bndbox>
	</object>
</annotation>
