<annotation>
	<folder></folder>
	<filename>1788_jpg.rf.c8b109ce27e993033ceb35796310df60.jpg</filename>
	<path>1788_jpg.rf.c8b109ce27e993033ceb35796310df60.jpg</path>
	<source>
		<database>roboflow.com</database>
	</source>
	<size>
		<width>640</width>
		<height>640</height>
		<depth>3</depth>
	</size>
	<segmented>0</segmented>
	<object>
		<name>awake</name>
		<pose>Unspecified</pose>
		<truncated>0</truncated>
		<difficult>0</difficult>
		<occluded>0</occluded>
		<bndbox>
			<xmin>450</xmin>
			<xmax>566</xmax>
			<ymin>154</ymin>
			<ymax>466</ymax>
		</bndbox>
	</object>
</annotation>
