<annotation>
	<folder></folder>
	<filename>178_jpg.rf.3feda415153e812646d294b58f4039b5.jpg</filename>
	<path>178_jpg.rf.3feda415153e812646d294b58f4039b5.jpg</path>
	<source>
		<database>roboflow.com</database>
	</source>
	<size>
		<width>640</width>
		<height>640</height>
		<depth>3</depth>
	</size>
	<segmented>0</segmented>
	<object>
		<name>drowsy</name>
		<pose>Unspecified</pose>
		<truncated>0</truncated>
		<difficult>0</difficult>
		<occluded>0</occluded>
		<bndbox>
			<xmin>52</xmin>
			<xmax>236</xmax>
			<ymin>91</ymin>
			<ymax>460</ymax>
		</bndbox>
	</object>
</annotation>
