<annotation>
	<folder></folder>
	<filename>179_jpg.rf.3cafb6d2923b8d1dc7dab4afa0ef1680.jpg</filename>
	<path>179_jpg.rf.3cafb6d2923b8d1dc7dab4afa0ef1680.jpg</path>
	<source>
		<database>roboflow.com</database>
	</source>
	<size>
		<width>640</width>
		<height>640</height>
		<depth>3</depth>
	</size>
	<segmented>0</segmented>
	<object>
		<name>awake</name>
		<pose>Unspecified</pose>
		<truncated>0</truncated>
		<difficult>0</difficult>
		<occluded>0</occluded>
		<bndbox>
			<xmin>254</xmin>
			<xmax>368</xmax>
			<ymin>44</ymin>
			<ymax>396</ymax>
		</bndbox>
	</object>
</annotation>
