<annotation>
	<folder></folder>
	<filename>179_jpg.rf.828d9955ea184526a6ecb18b602d5d70.jpg</filename>
	<path>179_jpg.rf.828d9955ea184526a6ecb18b602d5d70.jpg</path>
	<source>
		<database>roboflow.com</database>
	</source>
	<size>
		<width>640</width>
		<height>640</height>
		<depth>3</depth>
	</size>
	<segmented>0</segmented>
	<object>
		<name>drowsy</name>
		<pose>Unspecified</pose>
		<truncated>0</truncated>
		<difficult>0</difficult>
		<occluded>0</occluded>
		<bndbox>
			<xmin>53</xmin>
			<xmax>236</xmax>
			<ymin>95</ymin>
			<ymax>458</ymax>
		</bndbox>
	</object>
</annotation>
