<annotation>
	<folder></folder>
	<filename>17_jpg.rf.c3bb2096582eb11da0d3631048fda567.jpg</filename>
	<path>17_jpg.rf.c3bb2096582eb11da0d3631048fda567.jpg</path>
	<source>
		<database>roboflow.com</database>
	</source>
	<size>
		<width>640</width>
		<height>640</height>
		<depth>3</depth>
	</size>
	<segmented>0</segmented>
	<object>
		<name>drowsy</name>
		<pose>Unspecified</pose>
		<truncated>0</truncated>
		<difficult>0</difficult>
		<occluded>0</occluded>
		<bndbox>
			<xmin>251</xmin>
			<xmax>382</xmax>
			<ymin>171</ymin>
			<ymax>451</ymax>
		</bndbox>
	</object>
</annotation>
