<annotation>
	<folder></folder>
	<filename>1802_jpg.rf.b49d7a57484340ecf26c20240d996801.jpg</filename>
	<path>1802_jpg.rf.b49d7a57484340ecf26c20240d996801.jpg</path>
	<source>
		<database>roboflow.com</database>
	</source>
	<size>
		<width>640</width>
		<height>640</height>
		<depth>3</depth>
	</size>
	<segmented>0</segmented>
	<object>
		<name>awake</name>
		<pose>Unspecified</pose>
		<truncated>0</truncated>
		<difficult>0</difficult>
		<occluded>0</occluded>
		<bndbox>
			<xmin>474</xmin>
			<xmax>595</xmax>
			<ymin>167</ymin>
			<ymax>464</ymax>
		</bndbox>
	</object>
</annotation>
