<annotation>
	<folder></folder>
	<filename>1803_jpg.rf.bee604a5bbbd5ef49aabbbda7fe593a4.jpg</filename>
	<path>1803_jpg.rf.bee604a5bbbd5ef49aabbbda7fe593a4.jpg</path>
	<source>
		<database>roboflow.com</database>
	</source>
	<size>
		<width>640</width>
		<height>640</height>
		<depth>3</depth>
	</size>
	<segmented>0</segmented>
	<object>
		<name>awake</name>
		<pose>Unspecified</pose>
		<truncated>0</truncated>
		<difficult>0</difficult>
		<occluded>0</occluded>
		<bndbox>
			<xmin>364</xmin>
			<xmax>526</xmax>
			<ymin>158</ymin>
			<ymax>486</ymax>
		</bndbox>
	</object>
</annotation>
