<annotation>
	<folder></folder>
	<filename>1804_jpg.rf.6ebe1cf8cbaee35e0ec9c656ea0d36db.jpg</filename>
	<path>1804_jpg.rf.6ebe1cf8cbaee35e0ec9c656ea0d36db.jpg</path>
	<source>
		<database>roboflow.com</database>
	</source>
	<size>
		<width>640</width>
		<height>640</height>
		<depth>3</depth>
	</size>
	<segmented>0</segmented>
	<object>
		<name>awake</name>
		<pose>Unspecified</pose>
		<truncated>0</truncated>
		<difficult>0</difficult>
		<occluded>0</occluded>
		<bndbox>
			<xmin>379</xmin>
			<xmax>531</xmax>
			<ymin>159</ymin>
			<ymax>482</ymax>
		</bndbox>
	</object>
</annotation>
