<annotation>
	<folder></folder>
	<filename>180_jpg.rf.47a2dfc562ff98b92372cd3afc1ac488.jpg</filename>
	<path>180_jpg.rf.47a2dfc562ff98b92372cd3afc1ac488.jpg</path>
	<source>
		<database>roboflow.com</database>
	</source>
	<size>
		<width>640</width>
		<height>640</height>
		<depth>3</depth>
	</size>
	<segmented>0</segmented>
	<object>
		<name>drowsy</name>
		<pose>Unspecified</pose>
		<truncated>0</truncated>
		<difficult>0</difficult>
		<occluded>0</occluded>
		<bndbox>
			<xmin>63</xmin>
			<xmax>241</xmax>
			<ymin>88</ymin>
			<ymax>452</ymax>
		</bndbox>
	</object>
</annotation>
