<annotation>
	<folder></folder>
	<filename>1816_jpg.rf.cc78340b6e280133598643fb339bf8e8.jpg</filename>
	<path>1816_jpg.rf.cc78340b6e280133598643fb339bf8e8.jpg</path>
	<source>
		<database>roboflow.com</database>
	</source>
	<size>
		<width>640</width>
		<height>640</height>
		<depth>3</depth>
	</size>
	<segmented>0</segmented>
	<object>
		<name>awake</name>
		<pose>Unspecified</pose>
		<truncated>0</truncated>
		<difficult>0</difficult>
		<occluded>0</occluded>
		<bndbox>
			<xmin>352</xmin>
			<xmax>485</xmax>
			<ymin>91</ymin>
			<ymax>475</ymax>
		</bndbox>
	</object>
</annotation>
