<annotation>
	<folder></folder>
	<filename>1817_jpg.rf.3a1c2e3d158a86662f31600fa003bcd3.jpg</filename>
	<path>1817_jpg.rf.3a1c2e3d158a86662f31600fa003bcd3.jpg</path>
	<source>
		<database>roboflow.com</database>
	</source>
	<size>
		<width>640</width>
		<height>640</height>
		<depth>3</depth>
	</size>
	<segmented>0</segmented>
	<object>
		<name>awake</name>
		<pose>Unspecified</pose>
		<truncated>0</truncated>
		<difficult>0</difficult>
		<occluded>0</occluded>
		<bndbox>
			<xmin>276</xmin>
			<xmax>446</xmax>
			<ymin>80</ymin>
			<ymax>459</ymax>
		</bndbox>
	</object>
</annotation>
