<annotation>
	<folder></folder>
	<filename>181_jpg.rf.12a1eede08d1abe8ec232efda16fd45d.jpg</filename>
	<path>181_jpg.rf.12a1eede08d1abe8ec232efda16fd45d.jpg</path>
	<source>
		<database>roboflow.com</database>
	</source>
	<size>
		<width>640</width>
		<height>640</height>
		<depth>3</depth>
	</size>
	<segmented>0</segmented>
	<object>
		<name>drowsy</name>
		<pose>Unspecified</pose>
		<truncated>0</truncated>
		<difficult>0</difficult>
		<occluded>0</occluded>
		<bndbox>
			<xmin>75</xmin>
			<xmax>248</xmax>
			<ymin>91</ymin>
			<ymax>437</ymax>
		</bndbox>
	</object>
</annotation>
