<annotation>
	<folder></folder>
	<filename>1820_jpg.rf.bd681562dc50c013f09583aa7b933240.jpg</filename>
	<path>1820_jpg.rf.bd681562dc50c013f09583aa7b933240.jpg</path>
	<source>
		<database>roboflow.com</database>
	</source>
	<size>
		<width>640</width>
		<height>640</height>
		<depth>3</depth>
	</size>
	<segmented>0</segmented>
	<object>
		<name>awake</name>
		<pose>Unspecified</pose>
		<truncated>0</truncated>
		<difficult>0</difficult>
		<occluded>0</occluded>
		<bndbox>
			<xmin>317</xmin>
			<xmax>464</xmax>
			<ymin>90</ymin>
			<ymax>470</ymax>
		</bndbox>
	</object>
</annotation>
