<annotation>
	<folder></folder>
	<filename>182_jpg.rf.5a3f3ea14841ddbc189dc2c54a1964e0.jpg</filename>
	<path>182_jpg.rf.5a3f3ea14841ddbc189dc2c54a1964e0.jpg</path>
	<source>
		<database>roboflow.com</database>
	</source>
	<size>
		<width>640</width>
		<height>640</height>
		<depth>3</depth>
	</size>
	<segmented>0</segmented>
	<object>
		<name>drowsy</name>
		<pose>Unspecified</pose>
		<truncated>0</truncated>
		<difficult>0</difficult>
		<occluded>0</occluded>
		<bndbox>
			<xmin>77</xmin>
			<xmax>250</xmax>
			<ymin>99</ymin>
			<ymax>446</ymax>
		</bndbox>
	</object>
</annotation>
