<annotation>
	<folder></folder>
	<filename>184_jpg.rf.6b0d66f57eae02172416b19f42807895.jpg</filename>
	<path>184_jpg.rf.6b0d66f57eae02172416b19f42807895.jpg</path>
	<source>
		<database>roboflow.com</database>
	</source>
	<size>
		<width>640</width>
		<height>640</height>
		<depth>3</depth>
	</size>
	<segmented>0</segmented>
	<object>
		<name>drowsy</name>
		<pose>Unspecified</pose>
		<truncated>0</truncated>
		<difficult>0</difficult>
		<occluded>0</occluded>
		<bndbox>
			<xmin>71</xmin>
			<xmax>247</xmax>
			<ymin>116</ymin>
			<ymax>449</ymax>
		</bndbox>
	</object>
</annotation>
