<annotation>
	<folder></folder>
	<filename>1851_jpg.rf.24e23d0bd82b598b6c363888d99a7154.jpg</filename>
	<path>1851_jpg.rf.24e23d0bd82b598b6c363888d99a7154.jpg</path>
	<source>
		<database>roboflow.com</database>
	</source>
	<size>
		<width>640</width>
		<height>640</height>
		<depth>3</depth>
	</size>
	<segmented>0</segmented>
	<object>
		<name>awake</name>
		<pose>Unspecified</pose>
		<truncated>0</truncated>
		<difficult>0</difficult>
		<occluded>0</occluded>
		<bndbox>
			<xmin>260</xmin>
			<xmax>452</xmax>
			<ymin>89</ymin>
			<ymax>475</ymax>
		</bndbox>
	</object>
</annotation>
