<annotation>
	<folder></folder>
	<filename>1852_jpg.rf.76fb0250dbe64608591d5b5bd485d8de.jpg</filename>
	<path>1852_jpg.rf.76fb0250dbe64608591d5b5bd485d8de.jpg</path>
	<source>
		<database>roboflow.com</database>
	</source>
	<size>
		<width>640</width>
		<height>640</height>
		<depth>3</depth>
	</size>
	<segmented>0</segmented>
	<object>
		<name>awake</name>
		<pose>Unspecified</pose>
		<truncated>0</truncated>
		<difficult>0</difficult>
		<occluded>0</occluded>
		<bndbox>
			<xmin>253</xmin>
			<xmax>450</xmax>
			<ymin>88</ymin>
			<ymax>470</ymax>
		</bndbox>
	</object>
</annotation>
