<annotation>
	<folder></folder>
	<filename>1856_jpg.rf.f2bc8d20c621688afb8c7058f1b03487.jpg</filename>
	<path>1856_jpg.rf.f2bc8d20c621688afb8c7058f1b03487.jpg</path>
	<source>
		<database>roboflow.com</database>
	</source>
	<size>
		<width>640</width>
		<height>640</height>
		<depth>3</depth>
	</size>
	<segmented>0</segmented>
	<object>
		<name>awake</name>
		<pose>Unspecified</pose>
		<truncated>0</truncated>
		<difficult>0</difficult>
		<occluded>0</occluded>
		<bndbox>
			<xmin>250</xmin>
			<xmax>442</xmax>
			<ymin>88</ymin>
			<ymax>463</ymax>
		</bndbox>
	</object>
</annotation>
