<annotation>
	<folder></folder>
	<filename>1857_jpg.rf.b779aa33300df8dcdd67424396a8c3b5.jpg</filename>
	<path>1857_jpg.rf.b779aa33300df8dcdd67424396a8c3b5.jpg</path>
	<source>
		<database>roboflow.com</database>
	</source>
	<size>
		<width>640</width>
		<height>640</height>
		<depth>3</depth>
	</size>
	<segmented>0</segmented>
	<object>
		<name>awake</name>
		<pose>Unspecified</pose>
		<truncated>0</truncated>
		<difficult>0</difficult>
		<occluded>0</occluded>
		<bndbox>
			<xmin>245</xmin>
			<xmax>439</xmax>
			<ymin>84</ymin>
			<ymax>463</ymax>
		</bndbox>
	</object>
</annotation>
