<annotation>
	<folder></folder>
	<filename>1859_jpg.rf.b9c0af46fb488e15f3f307956df67833.jpg</filename>
	<path>1859_jpg.rf.b9c0af46fb488e15f3f307956df67833.jpg</path>
	<source>
		<database>roboflow.com</database>
	</source>
	<size>
		<width>640</width>
		<height>640</height>
		<depth>3</depth>
	</size>
	<segmented>0</segmented>
	<object>
		<name>awake</name>
		<pose>Unspecified</pose>
		<truncated>0</truncated>
		<difficult>0</difficult>
		<occluded>0</occluded>
		<bndbox>
			<xmin>265</xmin>
			<xmax>454</xmax>
			<ymin>83</ymin>
			<ymax>482</ymax>
		</bndbox>
	</object>
</annotation>
