<annotation>
	<folder></folder>
	<filename>185_jpg.rf.49174fb8fb14fe4d05f52797eb57430d.jpg</filename>
	<path>185_jpg.rf.49174fb8fb14fe4d05f52797eb57430d.jpg</path>
	<source>
		<database>roboflow.com</database>
	</source>
	<size>
		<width>640</width>
		<height>640</height>
		<depth>3</depth>
	</size>
	<segmented>0</segmented>
	<object>
		<name>drowsy</name>
		<pose>Unspecified</pose>
		<truncated>0</truncated>
		<difficult>0</difficult>
		<occluded>0</occluded>
		<bndbox>
			<xmin>238</xmin>
			<xmax>398</xmax>
			<ymin>151</ymin>
			<ymax>503</ymax>
		</bndbox>
	</object>
</annotation>
