<annotation>
	<folder></folder>
	<filename>1862_jpg.rf.b16c3e72d78577233a443cd8b92b1ccd.jpg</filename>
	<path>1862_jpg.rf.b16c3e72d78577233a443cd8b92b1ccd.jpg</path>
	<source>
		<database>roboflow.com</database>
	</source>
	<size>
		<width>640</width>
		<height>640</height>
		<depth>3</depth>
	</size>
	<segmented>0</segmented>
	<object>
		<name>awake</name>
		<pose>Unspecified</pose>
		<truncated>0</truncated>
		<difficult>0</difficult>
		<occluded>0</occluded>
		<bndbox>
			<xmin>340</xmin>
			<xmax>482</xmax>
			<ymin>115</ymin>
			<ymax>451</ymax>
		</bndbox>
	</object>
</annotation>
