<annotation>
	<folder></folder>
	<filename>1863_jpg.rf.17433811e72c8b6668baac685f50051a.jpg</filename>
	<path>1863_jpg.rf.17433811e72c8b6668baac685f50051a.jpg</path>
	<source>
		<database>roboflow.com</database>
	</source>
	<size>
		<width>640</width>
		<height>640</height>
		<depth>3</depth>
	</size>
	<segmented>0</segmented>
	<object>
		<name>awake</name>
		<pose>Unspecified</pose>
		<truncated>0</truncated>
		<difficult>0</difficult>
		<occluded>0</occluded>
		<bndbox>
			<xmin>341</xmin>
			<xmax>482</xmax>
			<ymin>127</ymin>
			<ymax>462</ymax>
		</bndbox>
	</object>
</annotation>
