<annotation>
	<folder></folder>
	<filename>1866_jpg.rf.41f9c03ebbc019a73a5e1d2d3576aec5.jpg</filename>
	<path>1866_jpg.rf.41f9c03ebbc019a73a5e1d2d3576aec5.jpg</path>
	<source>
		<database>roboflow.com</database>
	</source>
	<size>
		<width>640</width>
		<height>640</height>
		<depth>3</depth>
	</size>
	<segmented>0</segmented>
	<object>
		<name>awake</name>
		<pose>Unspecified</pose>
		<truncated>0</truncated>
		<difficult>0</difficult>
		<occluded>0</occluded>
		<bndbox>
			<xmin>407</xmin>
			<xmax>520</xmax>
			<ymin>112</ymin>
			<ymax>432</ymax>
		</bndbox>
	</object>
</annotation>
