<annotation>
	<folder></folder>
	<filename>1867_jpg.rf.3dcc3e1510acb44a8fcb8d3185d34428.jpg</filename>
	<path>1867_jpg.rf.3dcc3e1510acb44a8fcb8d3185d34428.jpg</path>
	<source>
		<database>roboflow.com</database>
	</source>
	<size>
		<width>640</width>
		<height>640</height>
		<depth>3</depth>
	</size>
	<segmented>0</segmented>
	<object>
		<name>awake</name>
		<pose>Unspecified</pose>
		<truncated>0</truncated>
		<difficult>0</difficult>
		<occluded>0</occluded>
		<bndbox>
			<xmin>356</xmin>
			<xmax>497</xmax>
			<ymin>112</ymin>
			<ymax>446</ymax>
		</bndbox>
	</object>
</annotation>
