<annotation>
	<folder></folder>
	<filename>186_jpg.rf.ed688a3d5ad009e1a2357a2fbdfd0abe.jpg</filename>
	<path>186_jpg.rf.ed688a3d5ad009e1a2357a2fbdfd0abe.jpg</path>
	<source>
		<database>roboflow.com</database>
	</source>
	<size>
		<width>640</width>
		<height>640</height>
		<depth>3</depth>
	</size>
	<segmented>0</segmented>
	<object>
		<name>drowsy</name>
		<pose>Unspecified</pose>
		<truncated>0</truncated>
		<difficult>0</difficult>
		<occluded>0</occluded>
		<bndbox>
			<xmin>235</xmin>
			<xmax>405</xmax>
			<ymin>149</ymin>
			<ymax>520</ymax>
		</bndbox>
	</object>
</annotation>
