<annotation>
	<folder></folder>
	<filename>1870_jpg.rf.0819eb67333c33871c0d51eef4c78ef0.jpg</filename>
	<path>1870_jpg.rf.0819eb67333c33871c0d51eef4c78ef0.jpg</path>
	<source>
		<database>roboflow.com</database>
	</source>
	<size>
		<width>640</width>
		<height>640</height>
		<depth>3</depth>
	</size>
	<segmented>0</segmented>
	<object>
		<name>awake</name>
		<pose>Unspecified</pose>
		<truncated>0</truncated>
		<difficult>0</difficult>
		<occluded>0</occluded>
		<bndbox>
			<xmin>350</xmin>
			<xmax>498</xmax>
			<ymin>119</ymin>
			<ymax>459</ymax>
		</bndbox>
	</object>
</annotation>
