<annotation>
	<folder></folder>
	<filename>1871_jpg.rf.f2349e9bdb7e2cae260e8bc0fca56972.jpg</filename>
	<path>1871_jpg.rf.f2349e9bdb7e2cae260e8bc0fca56972.jpg</path>
	<source>
		<database>roboflow.com</database>
	</source>
	<size>
		<width>640</width>
		<height>640</height>
		<depth>3</depth>
	</size>
	<segmented>0</segmented>
	<object>
		<name>awake</name>
		<pose>Unspecified</pose>
		<truncated>0</truncated>
		<difficult>0</difficult>
		<occluded>0</occluded>
		<bndbox>
			<xmin>362</xmin>
			<xmax>499</xmax>
			<ymin>112</ymin>
			<ymax>448</ymax>
		</bndbox>
	</object>
</annotation>
