<annotation>
	<folder></folder>
	<filename>1874_jpg.rf.e9b27032386a3671b354aa68e0904a25.jpg</filename>
	<path>1874_jpg.rf.e9b27032386a3671b354aa68e0904a25.jpg</path>
	<source>
		<database>roboflow.com</database>
	</source>
	<size>
		<width>640</width>
		<height>640</height>
		<depth>3</depth>
	</size>
	<segmented>0</segmented>
	<object>
		<name>awake</name>
		<pose>Unspecified</pose>
		<truncated>0</truncated>
		<difficult>0</difficult>
		<occluded>0</occluded>
		<bndbox>
			<xmin>342</xmin>
			<xmax>489</xmax>
			<ymin>113</ymin>
			<ymax>449</ymax>
		</bndbox>
	</object>
</annotation>
