<annotation>
	<folder></folder>
	<filename>1876_jpg.rf.ae38b40954e0d0eb90fc86f4c1bc6582.jpg</filename>
	<path>1876_jpg.rf.ae38b40954e0d0eb90fc86f4c1bc6582.jpg</path>
	<source>
		<database>roboflow.com</database>
	</source>
	<size>
		<width>640</width>
		<height>640</height>
		<depth>3</depth>
	</size>
	<segmented>0</segmented>
	<object>
		<name>awake</name>
		<pose>Unspecified</pose>
		<truncated>0</truncated>
		<difficult>0</difficult>
		<occluded>0</occluded>
		<bndbox>
			<xmin>412</xmin>
			<xmax>537</xmax>
			<ymin>114</ymin>
			<ymax>437</ymax>
		</bndbox>
	</object>
</annotation>
