<annotation>
	<folder></folder>
	<filename>1878_jpg.rf.e3e1127700410e130bf13f296f564a77.jpg</filename>
	<path>1878_jpg.rf.e3e1127700410e130bf13f296f564a77.jpg</path>
	<source>
		<database>roboflow.com</database>
	</source>
	<size>
		<width>640</width>
		<height>640</height>
		<depth>3</depth>
	</size>
	<segmented>0</segmented>
	<object>
		<name>awake</name>
		<pose>Unspecified</pose>
		<truncated>0</truncated>
		<difficult>0</difficult>
		<occluded>0</occluded>
		<bndbox>
			<xmin>362</xmin>
			<xmax>501</xmax>
			<ymin>112</ymin>
			<ymax>446</ymax>
		</bndbox>
	</object>
</annotation>
