<annotation>
	<folder></folder>
	<filename>1879_jpg.rf.cefc46234295e28a196b7bdcdb10c590.jpg</filename>
	<path>1879_jpg.rf.cefc46234295e28a196b7bdcdb10c590.jpg</path>
	<source>
		<database>roboflow.com</database>
	</source>
	<size>
		<width>640</width>
		<height>640</height>
		<depth>3</depth>
	</size>
	<segmented>0</segmented>
	<object>
		<name>awake</name>
		<pose>Unspecified</pose>
		<truncated>0</truncated>
		<difficult>0</difficult>
		<occluded>0</occluded>
		<bndbox>
			<xmin>345</xmin>
			<xmax>494</xmax>
			<ymin>132</ymin>
			<ymax>466</ymax>
		</bndbox>
	</object>
</annotation>
