<annotation>
	<folder></folder>
	<filename>187_jpg.rf.9c7972967904e448a82f0cf73f6d802e.jpg</filename>
	<path>187_jpg.rf.9c7972967904e448a82f0cf73f6d802e.jpg</path>
	<source>
		<database>roboflow.com</database>
	</source>
	<size>
		<width>640</width>
		<height>640</height>
		<depth>3</depth>
	</size>
	<segmented>0</segmented>
	<object>
		<name>drowsy</name>
		<pose>Unspecified</pose>
		<truncated>0</truncated>
		<difficult>0</difficult>
		<occluded>0</occluded>
		<bndbox>
			<xmin>236</xmin>
			<xmax>407</xmax>
			<ymin>144</ymin>
			<ymax>520</ymax>
		</bndbox>
	</object>
</annotation>
