<annotation>
	<folder></folder>
	<filename>1880_jpg.rf.71f195e85b821a34eba847c486a2765a.jpg</filename>
	<path>1880_jpg.rf.71f195e85b821a34eba847c486a2765a.jpg</path>
	<source>
		<database>roboflow.com</database>
	</source>
	<size>
		<width>640</width>
		<height>640</height>
		<depth>3</depth>
	</size>
	<segmented>0</segmented>
	<object>
		<name>awake</name>
		<pose>Unspecified</pose>
		<truncated>0</truncated>
		<difficult>0</difficult>
		<occluded>0</occluded>
		<bndbox>
			<xmin>342</xmin>
			<xmax>489</xmax>
			<ymin>125</ymin>
			<ymax>464</ymax>
		</bndbox>
	</object>
</annotation>
