<annotation>
	<folder></folder>
	<filename>188_jpg.rf.55df1f73c4fcfcee05f7623ef73f9749.jpg</filename>
	<path>188_jpg.rf.55df1f73c4fcfcee05f7623ef73f9749.jpg</path>
	<source>
		<database>roboflow.com</database>
	</source>
	<size>
		<width>640</width>
		<height>640</height>
		<depth>3</depth>
	</size>
	<segmented>0</segmented>
	<object>
		<name>drowsy</name>
		<pose>Unspecified</pose>
		<truncated>0</truncated>
		<difficult>0</difficult>
		<occluded>0</occluded>
		<bndbox>
			<xmin>235</xmin>
			<xmax>403</xmax>
			<ymin>149</ymin>
			<ymax>512</ymax>
		</bndbox>
	</object>
</annotation>
