<annotation>
	<folder></folder>
	<filename>1891_jpg.rf.831001e2b1fb9c084870f81565135a66.jpg</filename>
	<path>1891_jpg.rf.831001e2b1fb9c084870f81565135a66.jpg</path>
	<source>
		<database>roboflow.com</database>
	</source>
	<size>
		<width>640</width>
		<height>640</height>
		<depth>3</depth>
	</size>
	<segmented>0</segmented>
	<object>
		<name>awake</name>
		<pose>Unspecified</pose>
		<truncated>0</truncated>
		<difficult>0</difficult>
		<occluded>0</occluded>
		<bndbox>
			<xmin>337</xmin>
			<xmax>487</xmax>
			<ymin>96</ymin>
			<ymax>483</ymax>
		</bndbox>
	</object>
</annotation>
