<annotation>
	<folder></folder>
	<filename>1893_jpg.rf.d480044208e6e960b0108b1fd468f345.jpg</filename>
	<path>1893_jpg.rf.d480044208e6e960b0108b1fd468f345.jpg</path>
	<source>
		<database>roboflow.com</database>
	</source>
	<size>
		<width>640</width>
		<height>640</height>
		<depth>3</depth>
	</size>
	<segmented>0</segmented>
	<object>
		<name>awake</name>
		<pose>Unspecified</pose>
		<truncated>0</truncated>
		<difficult>0</difficult>
		<occluded>0</occluded>
		<bndbox>
			<xmin>332</xmin>
			<xmax>507</xmax>
			<ymin>91</ymin>
			<ymax>521</ymax>
		</bndbox>
	</object>
</annotation>
