<annotation>
	<folder></folder>
	<filename>1897_jpg.rf.89b766b3eb6529700544cb949509d5d1.jpg</filename>
	<path>1897_jpg.rf.89b766b3eb6529700544cb949509d5d1.jpg</path>
	<source>
		<database>roboflow.com</database>
	</source>
	<size>
		<width>640</width>
		<height>640</height>
		<depth>3</depth>
	</size>
	<segmented>0</segmented>
	<object>
		<name>awake</name>
		<pose>Unspecified</pose>
		<truncated>0</truncated>
		<difficult>0</difficult>
		<occluded>0</occluded>
		<bndbox>
			<xmin>356</xmin>
			<xmax>526</xmax>
			<ymin>98</ymin>
			<ymax>517</ymax>
		</bndbox>
	</object>
</annotation>
