<annotation>
	<folder></folder>
	<filename>1898_jpg.rf.9ca1bb9329f39dd6020efbef099cd707.jpg</filename>
	<path>1898_jpg.rf.9ca1bb9329f39dd6020efbef099cd707.jpg</path>
	<source>
		<database>roboflow.com</database>
	</source>
	<size>
		<width>640</width>
		<height>640</height>
		<depth>3</depth>
	</size>
	<segmented>0</segmented>
	<object>
		<name>awake</name>
		<pose>Unspecified</pose>
		<truncated>0</truncated>
		<difficult>0</difficult>
		<occluded>0</occluded>
		<bndbox>
			<xmin>341</xmin>
			<xmax>505</xmax>
			<ymin>92</ymin>
			<ymax>498</ymax>
		</bndbox>
	</object>
</annotation>
