<annotation>
	<folder></folder>
	<filename>1899_jpg.rf.5ed2d0f860de15823a9380a7bea2d6d6.jpg</filename>
	<path>1899_jpg.rf.5ed2d0f860de15823a9380a7bea2d6d6.jpg</path>
	<source>
		<database>roboflow.com</database>
	</source>
	<size>
		<width>640</width>
		<height>640</height>
		<depth>3</depth>
	</size>
	<segmented>0</segmented>
	<object>
		<name>awake</name>
		<pose>Unspecified</pose>
		<truncated>0</truncated>
		<difficult>0</difficult>
		<occluded>0</occluded>
		<bndbox>
			<xmin>350</xmin>
			<xmax>501</xmax>
			<ymin>83</ymin>
			<ymax>469</ymax>
		</bndbox>
	</object>
</annotation>
