<annotation>
	<folder></folder>
	<filename>189_jpg.rf.8d575a0cf605ebc0a01d49494b628e42.jpg</filename>
	<path>189_jpg.rf.8d575a0cf605ebc0a01d49494b628e42.jpg</path>
	<source>
		<database>roboflow.com</database>
	</source>
	<size>
		<width>640</width>
		<height>640</height>
		<depth>3</depth>
	</size>
	<segmented>0</segmented>
	<object>
		<name>drowsy</name>
		<pose>Unspecified</pose>
		<truncated>0</truncated>
		<difficult>0</difficult>
		<occluded>0</occluded>
		<bndbox>
			<xmin>238</xmin>
			<xmax>409</xmax>
			<ymin>147</ymin>
			<ymax>519</ymax>
		</bndbox>
	</object>
</annotation>
