<annotation>
	<folder></folder>
	<filename>18_jpg.rf.d5b0bbceac676bec1348d525895747ff.jpg</filename>
	<path>18_jpg.rf.d5b0bbceac676bec1348d525895747ff.jpg</path>
	<source>
		<database>roboflow.com</database>
	</source>
	<size>
		<width>640</width>
		<height>640</height>
		<depth>3</depth>
	</size>
	<segmented>0</segmented>
	<object>
		<name>drowsy</name>
		<pose>Unspecified</pose>
		<truncated>0</truncated>
		<difficult>0</difficult>
		<occluded>0</occluded>
		<bndbox>
			<xmin>249</xmin>
			<xmax>384</xmax>
			<ymin>167</ymin>
			<ymax>443</ymax>
		</bndbox>
	</object>
</annotation>
