<annotation>
	<folder></folder>
	<filename>1900_jpg.rf.20463d1be0417664a38ff034bcf7154e.jpg</filename>
	<path>1900_jpg.rf.20463d1be0417664a38ff034bcf7154e.jpg</path>
	<source>
		<database>roboflow.com</database>
	</source>
	<size>
		<width>640</width>
		<height>640</height>
		<depth>3</depth>
	</size>
	<segmented>0</segmented>
	<object>
		<name>awake</name>
		<pose>Unspecified</pose>
		<truncated>0</truncated>
		<difficult>0</difficult>
		<occluded>0</occluded>
		<bndbox>
			<xmin>355</xmin>
			<xmax>508</xmax>
			<ymin>92</ymin>
			<ymax>470</ymax>
		</bndbox>
	</object>
</annotation>
