<annotation>
	<folder></folder>
	<filename>190_jpg.rf.f7788246ca39e46011f42f7091920792.jpg</filename>
	<path>190_jpg.rf.f7788246ca39e46011f42f7091920792.jpg</path>
	<source>
		<database>roboflow.com</database>
	</source>
	<size>
		<width>640</width>
		<height>640</height>
		<depth>3</depth>
	</size>
	<segmented>0</segmented>
	<object>
		<name>drowsy</name>
		<pose>Unspecified</pose>
		<truncated>0</truncated>
		<difficult>0</difficult>
		<occluded>0</occluded>
		<bndbox>
			<xmin>248</xmin>
			<xmax>409</xmax>
			<ymin>151</ymin>
			<ymax>525</ymax>
		</bndbox>
	</object>
</annotation>
