<annotation>
	<folder></folder>
	<filename>1911_jpg.rf.28f1838b5e53ff768d94581ce000430f.jpg</filename>
	<path>1911_jpg.rf.28f1838b5e53ff768d94581ce000430f.jpg</path>
	<source>
		<database>roboflow.com</database>
	</source>
	<size>
		<width>640</width>
		<height>640</height>
		<depth>3</depth>
	</size>
	<segmented>0</segmented>
	<object>
		<name>awake</name>
		<pose>Unspecified</pose>
		<truncated>0</truncated>
		<difficult>0</difficult>
		<occluded>0</occluded>
		<bndbox>
			<xmin>297</xmin>
			<xmax>441</xmax>
			<ymin>132</ymin>
			<ymax>477</ymax>
		</bndbox>
	</object>
</annotation>
