<annotation>
	<folder></folder>
	<filename>1913_jpg.rf.d13e58b53e38c906cfcca8cba1466bc7.jpg</filename>
	<path>1913_jpg.rf.d13e58b53e38c906cfcca8cba1466bc7.jpg</path>
	<source>
		<database>roboflow.com</database>
	</source>
	<size>
		<width>640</width>
		<height>640</height>
		<depth>3</depth>
	</size>
	<segmented>0</segmented>
	<object>
		<name>awake</name>
		<pose>Unspecified</pose>
		<truncated>0</truncated>
		<difficult>0</difficult>
		<occluded>0</occluded>
		<bndbox>
			<xmin>275</xmin>
			<xmax>423</xmax>
			<ymin>123</ymin>
			<ymax>461</ymax>
		</bndbox>
	</object>
</annotation>
