<annotation>
	<folder></folder>
	<filename>1914_jpg.rf.647fdf437f7da95c9fe1a96cc72256d7.jpg</filename>
	<path>1914_jpg.rf.647fdf437f7da95c9fe1a96cc72256d7.jpg</path>
	<source>
		<database>roboflow.com</database>
	</source>
	<size>
		<width>640</width>
		<height>640</height>
		<depth>3</depth>
	</size>
	<segmented>0</segmented>
	<object>
		<name>awake</name>
		<pose>Unspecified</pose>
		<truncated>0</truncated>
		<difficult>0</difficult>
		<occluded>0</occluded>
		<bndbox>
			<xmin>280</xmin>
			<xmax>431</xmax>
			<ymin>132</ymin>
			<ymax>470</ymax>
		</bndbox>
	</object>
</annotation>
