<annotation>
	<folder></folder>
	<filename>1916_jpg.rf.c5857dcbac6762f556a9d75dc2119cf7.jpg</filename>
	<path>1916_jpg.rf.c5857dcbac6762f556a9d75dc2119cf7.jpg</path>
	<source>
		<database>roboflow.com</database>
	</source>
	<size>
		<width>640</width>
		<height>640</height>
		<depth>3</depth>
	</size>
	<segmented>0</segmented>
	<object>
		<name>awake</name>
		<pose>Unspecified</pose>
		<truncated>0</truncated>
		<difficult>0</difficult>
		<occluded>0</occluded>
		<bndbox>
			<xmin>304</xmin>
			<xmax>447</xmax>
			<ymin>140</ymin>
			<ymax>483</ymax>
		</bndbox>
	</object>
</annotation>
