<annotation>
	<folder></folder>
	<filename>191_jpg.rf.43a4c8f1186b12cca5696059d0a2b0c0.jpg</filename>
	<path>191_jpg.rf.43a4c8f1186b12cca5696059d0a2b0c0.jpg</path>
	<source>
		<database>roboflow.com</database>
	</source>
	<size>
		<width>640</width>
		<height>640</height>
		<depth>3</depth>
	</size>
	<segmented>0</segmented>
	<object>
		<name>drowsy</name>
		<pose>Unspecified</pose>
		<truncated>0</truncated>
		<difficult>0</difficult>
		<occluded>0</occluded>
		<bndbox>
			<xmin>242</xmin>
			<xmax>411</xmax>
			<ymin>149</ymin>
			<ymax>512</ymax>
		</bndbox>
	</object>
</annotation>
