<annotation>
	<folder></folder>
	<filename>192_jpg.rf.39d7983df52b3432b30cf494178280c1.jpg</filename>
	<path>192_jpg.rf.39d7983df52b3432b30cf494178280c1.jpg</path>
	<source>
		<database>roboflow.com</database>
	</source>
	<size>
		<width>640</width>
		<height>640</height>
		<depth>3</depth>
	</size>
	<segmented>0</segmented>
	<object>
		<name>drowsy</name>
		<pose>Unspecified</pose>
		<truncated>0</truncated>
		<difficult>0</difficult>
		<occluded>0</occluded>
		<bndbox>
			<xmin>240</xmin>
			<xmax>363</xmax>
			<ymin>53</ymin>
			<ymax>313</ymax>
		</bndbox>
	</object>
</annotation>
