<annotation>
	<folder></folder>
	<filename>1931_jpg.rf.4ada0ea3d2264140118722aa69cd2b06.jpg</filename>
	<path>1931_jpg.rf.4ada0ea3d2264140118722aa69cd2b06.jpg</path>
	<source>
		<database>roboflow.com</database>
	</source>
	<size>
		<width>640</width>
		<height>640</height>
		<depth>3</depth>
	</size>
	<segmented>0</segmented>
	<object>
		<name>awake</name>
		<pose>Unspecified</pose>
		<truncated>0</truncated>
		<difficult>0</difficult>
		<occluded>0</occluded>
		<bndbox>
			<xmin>266</xmin>
			<xmax>419</xmax>
			<ymin>146</ymin>
			<ymax>495</ymax>
		</bndbox>
	</object>
</annotation>
