<annotation>
	<folder></folder>
	<filename>1932_jpg.rf.9a837e6e37924b2891f6bede8482192e.jpg</filename>
	<path>1932_jpg.rf.9a837e6e37924b2891f6bede8482192e.jpg</path>
	<source>
		<database>roboflow.com</database>
	</source>
	<size>
		<width>640</width>
		<height>640</height>
		<depth>3</depth>
	</size>
	<segmented>0</segmented>
	<object>
		<name>awake</name>
		<pose>Unspecified</pose>
		<truncated>0</truncated>
		<difficult>0</difficult>
		<occluded>0</occluded>
		<bndbox>
			<xmin>307</xmin>
			<xmax>485</xmax>
			<ymin>88</ymin>
			<ymax>452</ymax>
		</bndbox>
	</object>
</annotation>
