<annotation>
	<folder></folder>
	<filename>1934_jpg.rf.a0ddca6c08ffbffa7e8f1b1127675ac8.jpg</filename>
	<path>1934_jpg.rf.a0ddca6c08ffbffa7e8f1b1127675ac8.jpg</path>
	<source>
		<database>roboflow.com</database>
	</source>
	<size>
		<width>640</width>
		<height>640</height>
		<depth>3</depth>
	</size>
	<segmented>0</segmented>
	<object>
		<name>drowsy</name>
		<pose>Unspecified</pose>
		<truncated>0</truncated>
		<difficult>0</difficult>
		<occluded>0</occluded>
		<bndbox>
			<xmin>321</xmin>
			<xmax>482</xmax>
			<ymin>77</ymin>
			<ymax>442</ymax>
		</bndbox>
	</object>
</annotation>
