<annotation>
	<folder></folder>
	<filename>1936_jpg.rf.75080157f644b0ac4fc677a690841543.jpg</filename>
	<path>1936_jpg.rf.75080157f644b0ac4fc677a690841543.jpg</path>
	<source>
		<database>roboflow.com</database>
	</source>
	<size>
		<width>640</width>
		<height>640</height>
		<depth>3</depth>
	</size>
	<segmented>0</segmented>
	<object>
		<name>awake</name>
		<pose>Unspecified</pose>
		<truncated>0</truncated>
		<difficult>0</difficult>
		<occluded>0</occluded>
		<bndbox>
			<xmin>316</xmin>
			<xmax>472</xmax>
			<ymin>82</ymin>
			<ymax>432</ymax>
		</bndbox>
	</object>
</annotation>
