<annotation>
	<folder></folder>
	<filename>1937_jpg.rf.7168115e36486faeaa25ab76cb89ab66.jpg</filename>
	<path>1937_jpg.rf.7168115e36486faeaa25ab76cb89ab66.jpg</path>
	<source>
		<database>roboflow.com</database>
	</source>
	<size>
		<width>640</width>
		<height>640</height>
		<depth>3</depth>
	</size>
	<segmented>0</segmented>
	<object>
		<name>awake</name>
		<pose>Unspecified</pose>
		<truncated>0</truncated>
		<difficult>0</difficult>
		<occluded>0</occluded>
		<bndbox>
			<xmin>311</xmin>
			<xmax>474</xmax>
			<ymin>71</ymin>
			<ymax>426</ymax>
		</bndbox>
	</object>
</annotation>
