<annotation>
	<folder></folder>
	<filename>1938_jpg.rf.e5b3c64b9ea0ddf0763e9bbff39248d2.jpg</filename>
	<path>1938_jpg.rf.e5b3c64b9ea0ddf0763e9bbff39248d2.jpg</path>
	<source>
		<database>roboflow.com</database>
	</source>
	<size>
		<width>640</width>
		<height>640</height>
		<depth>3</depth>
	</size>
	<segmented>0</segmented>
	<object>
		<name>awake</name>
		<pose>Unspecified</pose>
		<truncated>0</truncated>
		<difficult>0</difficult>
		<occluded>0</occluded>
		<bndbox>
			<xmin>313</xmin>
			<xmax>472</xmax>
			<ymin>76</ymin>
			<ymax>432</ymax>
		</bndbox>
	</object>
</annotation>
