<annotation>
	<folder></folder>
	<filename>193_jpg.rf.68f02bc4baac8136d1777faca4211420.jpg</filename>
	<path>193_jpg.rf.68f02bc4baac8136d1777faca4211420.jpg</path>
	<source>
		<database>roboflow.com</database>
	</source>
	<size>
		<width>640</width>
		<height>640</height>
		<depth>3</depth>
	</size>
	<segmented>0</segmented>
	<object>
		<name>drowsy</name>
		<pose>Unspecified</pose>
		<truncated>0</truncated>
		<difficult>0</difficult>
		<occluded>0</occluded>
		<bndbox>
			<xmin>214</xmin>
			<xmax>324</xmax>
			<ymin>64</ymin>
			<ymax>306</ymax>
		</bndbox>
	</object>
</annotation>
