<annotation>
	<folder></folder>
	<filename>1942_jpg.rf.9972f3a85277884e011bfe102a21dbe5.jpg</filename>
	<path>1942_jpg.rf.9972f3a85277884e011bfe102a21dbe5.jpg</path>
	<source>
		<database>roboflow.com</database>
	</source>
	<size>
		<width>640</width>
		<height>640</height>
		<depth>3</depth>
	</size>
	<segmented>0</segmented>
	<object>
		<name>awake</name>
		<pose>Unspecified</pose>
		<truncated>0</truncated>
		<difficult>0</difficult>
		<occluded>0</occluded>
		<bndbox>
			<xmin>327</xmin>
			<xmax>482</xmax>
			<ymin>79</ymin>
			<ymax>433</ymax>
		</bndbox>
	</object>
</annotation>
