<annotation>
	<folder></folder>
	<filename>1946_jpg.rf.223820e7a5d044f14d7c08776dfd14b3.jpg</filename>
	<path>1946_jpg.rf.223820e7a5d044f14d7c08776dfd14b3.jpg</path>
	<source>
		<database>roboflow.com</database>
	</source>
	<size>
		<width>640</width>
		<height>640</height>
		<depth>3</depth>
	</size>
	<segmented>0</segmented>
	<object>
		<name>awake</name>
		<pose>Unspecified</pose>
		<truncated>0</truncated>
		<difficult>0</difficult>
		<occluded>0</occluded>
		<bndbox>
			<xmin>317</xmin>
			<xmax>485</xmax>
			<ymin>90</ymin>
			<ymax>442</ymax>
		</bndbox>
	</object>
</annotation>
