<annotation>
	<folder></folder>
	<filename>1947_jpg.rf.91c376ed435436e1420e2b9769cefe8f.jpg</filename>
	<path>1947_jpg.rf.91c376ed435436e1420e2b9769cefe8f.jpg</path>
	<source>
		<database>roboflow.com</database>
	</source>
	<size>
		<width>640</width>
		<height>640</height>
		<depth>3</depth>
	</size>
	<segmented>0</segmented>
	<object>
		<name>awake</name>
		<pose>Unspecified</pose>
		<truncated>0</truncated>
		<difficult>0</difficult>
		<occluded>0</occluded>
		<bndbox>
			<xmin>322</xmin>
			<xmax>487</xmax>
			<ymin>94</ymin>
			<ymax>443</ymax>
		</bndbox>
	</object>
</annotation>
