<annotation>
	<folder></folder>
	<filename>1949_jpg.rf.6f352ee745c985407cda80fe4101957d.jpg</filename>
	<path>1949_jpg.rf.6f352ee745c985407cda80fe4101957d.jpg</path>
	<source>
		<database>roboflow.com</database>
	</source>
	<size>
		<width>640</width>
		<height>640</height>
		<depth>3</depth>
	</size>
	<segmented>0</segmented>
	<object>
		<name>awake</name>
		<pose>Unspecified</pose>
		<truncated>0</truncated>
		<difficult>0</difficult>
		<occluded>0</occluded>
		<bndbox>
			<xmin>318</xmin>
			<xmax>484</xmax>
			<ymin>85</ymin>
			<ymax>428</ymax>
		</bndbox>
	</object>
</annotation>
