<annotation>
	<folder></folder>
	<filename>194_jpg.rf.aa6add4f8e67279a6c68905352aefa38.jpg</filename>
	<path>194_jpg.rf.aa6add4f8e67279a6c68905352aefa38.jpg</path>
	<source>
		<database>roboflow.com</database>
	</source>
	<size>
		<width>640</width>
		<height>640</height>
		<depth>3</depth>
	</size>
	<segmented>0</segmented>
	<object>
		<name>drowsy</name>
		<pose>Unspecified</pose>
		<truncated>0</truncated>
		<difficult>0</difficult>
		<occluded>0</occluded>
		<bndbox>
			<xmin>225</xmin>
			<xmax>334</xmax>
			<ymin>52</ymin>
			<ymax>308</ymax>
		</bndbox>
	</object>
</annotation>
