<annotation>
	<folder></folder>
	<filename>1950_jpg.rf.0bbea85f95f97391712c1f74afbd123a.jpg</filename>
	<path>1950_jpg.rf.0bbea85f95f97391712c1f74afbd123a.jpg</path>
	<source>
		<database>roboflow.com</database>
	</source>
	<size>
		<width>640</width>
		<height>640</height>
		<depth>3</depth>
	</size>
	<segmented>0</segmented>
	<object>
		<name>awake</name>
		<pose>Unspecified</pose>
		<truncated>0</truncated>
		<difficult>0</difficult>
		<occluded>0</occluded>
		<bndbox>
			<xmin>316</xmin>
			<xmax>482</xmax>
			<ymin>86</ymin>
			<ymax>439</ymax>
		</bndbox>
	</object>
</annotation>
