<annotation>
	<folder></folder>
	<filename>195_jpg.rf.a4869c65e97fa18aff828296c137d3ef.jpg</filename>
	<path>195_jpg.rf.a4869c65e97fa18aff828296c137d3ef.jpg</path>
	<source>
		<database>roboflow.com</database>
	</source>
	<size>
		<width>640</width>
		<height>640</height>
		<depth>3</depth>
	</size>
	<segmented>0</segmented>
	<object>
		<name>drowsy</name>
		<pose>Unspecified</pose>
		<truncated>0</truncated>
		<difficult>0</difficult>
		<occluded>0</occluded>
		<bndbox>
			<xmin>224</xmin>
			<xmax>335</xmax>
			<ymin>59</ymin>
			<ymax>322</ymax>
		</bndbox>
	</object>
</annotation>
