<annotation>
	<folder></folder>
	<filename>1963_jpg.rf.46df23230e2b67f316100a886433ff3b.jpg</filename>
	<path>1963_jpg.rf.46df23230e2b67f316100a886433ff3b.jpg</path>
	<source>
		<database>roboflow.com</database>
	</source>
	<size>
		<width>640</width>
		<height>640</height>
		<depth>3</depth>
	</size>
	<segmented>0</segmented>
	<object>
		<name>awake</name>
		<pose>Unspecified</pose>
		<truncated>0</truncated>
		<difficult>0</difficult>
		<occluded>0</occluded>
		<bndbox>
			<xmin>405</xmin>
			<xmax>550</xmax>
			<ymin>129</ymin>
			<ymax>460</ymax>
		</bndbox>
	</object>
</annotation>
