<annotation>
	<folder></folder>
	<filename>1964_jpg.rf.492af3b8852dffd3094ba6ee64c3608e.jpg</filename>
	<path>1964_jpg.rf.492af3b8852dffd3094ba6ee64c3608e.jpg</path>
	<source>
		<database>roboflow.com</database>
	</source>
	<size>
		<width>640</width>
		<height>640</height>
		<depth>3</depth>
	</size>
	<segmented>0</segmented>
	<object>
		<name>awake</name>
		<pose>Unspecified</pose>
		<truncated>0</truncated>
		<difficult>0</difficult>
		<occluded>0</occluded>
		<bndbox>
			<xmin>339</xmin>
			<xmax>518</xmax>
			<ymin>87</ymin>
			<ymax>434</ymax>
		</bndbox>
	</object>
</annotation>
