<annotation>
	<folder></folder>
	<filename>1966_jpg.rf.f87094487ebb5b5a7385adac71a30fd4.jpg</filename>
	<path>1966_jpg.rf.f87094487ebb5b5a7385adac71a30fd4.jpg</path>
	<source>
		<database>roboflow.com</database>
	</source>
	<size>
		<width>640</width>
		<height>640</height>
		<depth>3</depth>
	</size>
	<segmented>0</segmented>
	<object>
		<name>awake</name>
		<pose>Unspecified</pose>
		<truncated>0</truncated>
		<difficult>0</difficult>
		<occluded>0</occluded>
		<bndbox>
			<xmin>360</xmin>
			<xmax>529</xmax>
			<ymin>77</ymin>
			<ymax>436</ymax>
		</bndbox>
	</object>
</annotation>
