<annotation>
	<folder></folder>
	<filename>1967_jpg.rf.a3de696ebd0cee108fd5822b6dbd9f9a.jpg</filename>
	<path>1967_jpg.rf.a3de696ebd0cee108fd5822b6dbd9f9a.jpg</path>
	<source>
		<database>roboflow.com</database>
	</source>
	<size>
		<width>640</width>
		<height>640</height>
		<depth>3</depth>
	</size>
	<segmented>0</segmented>
	<object>
		<name>awake</name>
		<pose>Unspecified</pose>
		<truncated>0</truncated>
		<difficult>0</difficult>
		<occluded>0</occluded>
		<bndbox>
			<xmin>358</xmin>
			<xmax>529</xmax>
			<ymin>78</ymin>
			<ymax>439</ymax>
		</bndbox>
	</object>
</annotation>
