<annotation>
	<folder></folder>
	<filename>196_jpg.rf.a47f90781cb480493835f3f43de82a84.jpg</filename>
	<path>196_jpg.rf.a47f90781cb480493835f3f43de82a84.jpg</path>
	<source>
		<database>roboflow.com</database>
	</source>
	<size>
		<width>640</width>
		<height>640</height>
		<depth>3</depth>
	</size>
	<segmented>0</segmented>
	<object>
		<name>drowsy</name>
		<pose>Unspecified</pose>
		<truncated>0</truncated>
		<difficult>0</difficult>
		<occluded>0</occluded>
		<bndbox>
			<xmin>223</xmin>
			<xmax>335</xmax>
			<ymin>60</ymin>
			<ymax>321</ymax>
		</bndbox>
	</object>
</annotation>
