<annotation>
	<folder></folder>
	<filename>1981_jpg.rf.10bf5fda79cc7f1ae3d6c6f006826420.jpg</filename>
	<path>1981_jpg.rf.10bf5fda79cc7f1ae3d6c6f006826420.jpg</path>
	<source>
		<database>roboflow.com</database>
	</source>
	<size>
		<width>640</width>
		<height>640</height>
		<depth>3</depth>
	</size>
	<segmented>0</segmented>
	<object>
		<name>awake</name>
		<pose>Unspecified</pose>
		<truncated>0</truncated>
		<difficult>0</difficult>
		<occluded>0</occluded>
		<bndbox>
			<xmin>356</xmin>
			<xmax>487</xmax>
			<ymin>201</ymin>
			<ymax>504</ymax>
		</bndbox>
	</object>
</annotation>
