<annotation>
	<folder></folder>
	<filename>1982_jpg.rf.559a18eeb3485ffaa0d629b96a0952ea.jpg</filename>
	<path>1982_jpg.rf.559a18eeb3485ffaa0d629b96a0952ea.jpg</path>
	<source>
		<database>roboflow.com</database>
	</source>
	<size>
		<width>640</width>
		<height>640</height>
		<depth>3</depth>
	</size>
	<segmented>0</segmented>
	<object>
		<name>awake</name>
		<pose>Unspecified</pose>
		<truncated>0</truncated>
		<difficult>0</difficult>
		<occluded>0</occluded>
		<bndbox>
			<xmin>299</xmin>
			<xmax>455</xmax>
			<ymin>178</ymin>
			<ymax>506</ymax>
		</bndbox>
	</object>
</annotation>
