<annotation>
	<folder></folder>
	<filename>1986_jpg.rf.37a13f939a11c57a867aaeac48e4e10a.jpg</filename>
	<path>1986_jpg.rf.37a13f939a11c57a867aaeac48e4e10a.jpg</path>
	<source>
		<database>roboflow.com</database>
	</source>
	<size>
		<width>640</width>
		<height>640</height>
		<depth>3</depth>
	</size>
	<segmented>0</segmented>
	<object>
		<name>awake</name>
		<pose>Unspecified</pose>
		<truncated>0</truncated>
		<difficult>0</difficult>
		<occluded>0</occluded>
		<bndbox>
			<xmin>302</xmin>
			<xmax>459</xmax>
			<ymin>184</ymin>
			<ymax>494</ymax>
		</bndbox>
	</object>
</annotation>
