<annotation>
	<folder></folder>
	<filename>1987_jpg.rf.fb9d1d3b09e0ab98674788deffb8cbc0.jpg</filename>
	<path>1987_jpg.rf.fb9d1d3b09e0ab98674788deffb8cbc0.jpg</path>
	<source>
		<database>roboflow.com</database>
	</source>
	<size>
		<width>640</width>
		<height>640</height>
		<depth>3</depth>
	</size>
	<segmented>0</segmented>
	<object>
		<name>awake</name>
		<pose>Unspecified</pose>
		<truncated>0</truncated>
		<difficult>0</difficult>
		<occluded>0</occluded>
		<bndbox>
			<xmin>315</xmin>
			<xmax>464</xmax>
			<ymin>178</ymin>
			<ymax>496</ymax>
		</bndbox>
	</object>
</annotation>
