<annotation>
	<folder></folder>
	<filename>1988_jpg.rf.498dd0455b49a52ca1476187132908b9.jpg</filename>
	<path>1988_jpg.rf.498dd0455b49a52ca1476187132908b9.jpg</path>
	<source>
		<database>roboflow.com</database>
	</source>
	<size>
		<width>640</width>
		<height>640</height>
		<depth>3</depth>
	</size>
	<segmented>0</segmented>
	<object>
		<name>awake</name>
		<pose>Unspecified</pose>
		<truncated>0</truncated>
		<difficult>0</difficult>
		<occluded>0</occluded>
		<bndbox>
			<xmin>307</xmin>
			<xmax>459</xmax>
			<ymin>193</ymin>
			<ymax>498</ymax>
		</bndbox>
	</object>
</annotation>
