<annotation>
	<folder></folder>
	<filename>1989_jpg.rf.ac6adeedd4b3db50a0b7ed23f267d053.jpg</filename>
	<path>1989_jpg.rf.ac6adeedd4b3db50a0b7ed23f267d053.jpg</path>
	<source>
		<database>roboflow.com</database>
	</source>
	<size>
		<width>640</width>
		<height>640</height>
		<depth>3</depth>
	</size>
	<segmented>0</segmented>
	<object>
		<name>awake</name>
		<pose>Unspecified</pose>
		<truncated>0</truncated>
		<difficult>0</difficult>
		<occluded>0</occluded>
		<bndbox>
			<xmin>301</xmin>
			<xmax>455</xmax>
			<ymin>168</ymin>
			<ymax>497</ymax>
		</bndbox>
	</object>
</annotation>
