<annotation>
	<folder></folder>
	<filename>198_jpg.rf.8cdec47b062ea3feddd8c8f18ceda404.jpg</filename>
	<path>198_jpg.rf.8cdec47b062ea3feddd8c8f18ceda404.jpg</path>
	<source>
		<database>roboflow.com</database>
	</source>
	<size>
		<width>640</width>
		<height>640</height>
		<depth>3</depth>
	</size>
	<segmented>0</segmented>
	<object>
		<name>drowsy</name>
		<pose>Unspecified</pose>
		<truncated>0</truncated>
		<difficult>0</difficult>
		<occluded>0</occluded>
		<bndbox>
			<xmin>190</xmin>
			<xmax>360</xmax>
			<ymin>144</ymin>
			<ymax>559</ymax>
		</bndbox>
	</object>
</annotation>
