<annotation>
	<folder></folder>
	<filename>1990_jpg.rf.ff0c63f0045301fe7d2f7e676970577a.jpg</filename>
	<path>1990_jpg.rf.ff0c63f0045301fe7d2f7e676970577a.jpg</path>
	<source>
		<database>roboflow.com</database>
	</source>
	<size>
		<width>640</width>
		<height>640</height>
		<depth>3</depth>
	</size>
	<segmented>0</segmented>
	<object>
		<name>awake</name>
		<pose>Unspecified</pose>
		<truncated>0</truncated>
		<difficult>0</difficult>
		<occluded>0</occluded>
		<bndbox>
			<xmin>299</xmin>
			<xmax>455</xmax>
			<ymin>173</ymin>
			<ymax>495</ymax>
		</bndbox>
	</object>
</annotation>
