<annotation>
	<folder></folder>
	<filename>199_jpg.rf.615a906da68d9bf0e7208f2380215dd3.jpg</filename>
	<path>199_jpg.rf.615a906da68d9bf0e7208f2380215dd3.jpg</path>
	<source>
		<database>roboflow.com</database>
	</source>
	<size>
		<width>640</width>
		<height>640</height>
		<depth>3</depth>
	</size>
	<segmented>0</segmented>
	<object>
		<name>drowsy</name>
		<pose>Unspecified</pose>
		<truncated>0</truncated>
		<difficult>0</difficult>
		<occluded>0</occluded>
		<bndbox>
			<xmin>193</xmin>
			<xmax>359</xmax>
			<ymin>128</ymin>
			<ymax>558</ymax>
		</bndbox>
	</object>
</annotation>
