<annotation>
	<folder></folder>
	<filename>1_jpg.rf.927f178bf312371c7d8f811246c0a530.jpg</filename>
	<path>1_jpg.rf.927f178bf312371c7d8f811246c0a530.jpg</path>
	<source>
		<database>roboflow.com</database>
	</source>
	<size>
		<width>640</width>
		<height>640</height>
		<depth>3</depth>
	</size>
	<segmented>0</segmented>
	<object>
		<name>drowsy</name>
		<pose>Unspecified</pose>
		<truncated>0</truncated>
		<difficult>0</difficult>
		<occluded>0</occluded>
		<bndbox>
			<xmin>382</xmin>
			<xmax>528</xmax>
			<ymin>77</ymin>
			<ymax>478</ymax>
		</bndbox>
	</object>
</annotation>
