<annotation>
	<folder></folder>
	<filename>1_jpg.rf.d56e6ca6d6fef4e4e46e7daa33f1fdf5.jpg</filename>
	<path>1_jpg.rf.d56e6ca6d6fef4e4e46e7daa33f1fdf5.jpg</path>
	<source>
		<database>roboflow.com</database>
	</source>
	<size>
		<width>640</width>
		<height>640</height>
		<depth>3</depth>
	</size>
	<segmented>0</segmented>
	<object>
		<name>awake</name>
		<pose>Unspecified</pose>
		<truncated>0</truncated>
		<difficult>0</difficult>
		<occluded>0</occluded>
		<bndbox>
			<xmin>334</xmin>
			<xmax>500</xmax>
			<ymin>101</ymin>
			<ymax>468</ymax>
		</bndbox>
	</object>
</annotation>
