<annotation>
	<folder></folder>
	<filename>2001_jpg.rf.202dd013d1957d0c3208daa8b601748f.jpg</filename>
	<path>2001_jpg.rf.202dd013d1957d0c3208daa8b601748f.jpg</path>
	<source>
		<database>roboflow.com</database>
	</source>
	<size>
		<width>640</width>
		<height>640</height>
		<depth>3</depth>
	</size>
	<segmented>0</segmented>
	<object>
		<name>awake</name>
		<pose>Unspecified</pose>
		<truncated>0</truncated>
		<difficult>0</difficult>
		<occluded>0</occluded>
		<bndbox>
			<xmin>284</xmin>
			<xmax>453</xmax>
			<ymin>153</ymin>
			<ymax>488</ymax>
		</bndbox>
	</object>
</annotation>
