<annotation>
	<folder></folder>
	<filename>2004_jpg.rf.6eb0b4575503f21079ea181b13cd3b9f.jpg</filename>
	<path>2004_jpg.rf.6eb0b4575503f21079ea181b13cd3b9f.jpg</path>
	<source>
		<database>roboflow.com</database>
	</source>
	<size>
		<width>640</width>
		<height>640</height>
		<depth>3</depth>
	</size>
	<segmented>0</segmented>
	<object>
		<name>awake</name>
		<pose>Unspecified</pose>
		<truncated>0</truncated>
		<difficult>0</difficult>
		<occluded>0</occluded>
		<bndbox>
			<xmin>285</xmin>
			<xmax>452</xmax>
			<ymin>164</ymin>
			<ymax>488</ymax>
		</bndbox>
	</object>
</annotation>
