<annotation>
	<folder></folder>
	<filename>2008_jpg.rf.dea2a013c3b53a2705b848df06c62449.jpg</filename>
	<path>2008_jpg.rf.dea2a013c3b53a2705b848df06c62449.jpg</path>
	<source>
		<database>roboflow.com</database>
	</source>
	<size>
		<width>640</width>
		<height>640</height>
		<depth>3</depth>
	</size>
	<segmented>0</segmented>
	<object>
		<name>awake</name>
		<pose>Unspecified</pose>
		<truncated>0</truncated>
		<difficult>0</difficult>
		<occluded>0</occluded>
		<bndbox>
			<xmin>303</xmin>
			<xmax>510</xmax>
			<ymin>53</ymin>
			<ymax>477</ymax>
		</bndbox>
	</object>
</annotation>
