<annotation>
	<folder></folder>
	<filename>2009_jpg.rf.aefdc35ee33eeba11b6a0f32f18989c4.jpg</filename>
	<path>2009_jpg.rf.aefdc35ee33eeba11b6a0f32f18989c4.jpg</path>
	<source>
		<database>roboflow.com</database>
	</source>
	<size>
		<width>640</width>
		<height>640</height>
		<depth>3</depth>
	</size>
	<segmented>0</segmented>
	<object>
		<name>awake</name>
		<pose>Unspecified</pose>
		<truncated>0</truncated>
		<difficult>0</difficult>
		<occluded>0</occluded>
		<bndbox>
			<xmin>300</xmin>
			<xmax>509</xmax>
			<ymin>48</ymin>
			<ymax>478</ymax>
		</bndbox>
	</object>
</annotation>
