<annotation>
	<folder></folder>
	<filename>200_jpg.rf.b44dc98cdf89c6dfe6198c682e6b0ae5.jpg</filename>
	<path>200_jpg.rf.b44dc98cdf89c6dfe6198c682e6b0ae5.jpg</path>
	<source>
		<database>roboflow.com</database>
	</source>
	<size>
		<width>640</width>
		<height>640</height>
		<depth>3</depth>
	</size>
	<segmented>0</segmented>
	<object>
		<name>drowsy</name>
		<pose>Unspecified</pose>
		<truncated>0</truncated>
		<difficult>0</difficult>
		<occluded>0</occluded>
		<bndbox>
			<xmin>191</xmin>
			<xmax>361</xmax>
			<ymin>124</ymin>
			<ymax>526</ymax>
		</bndbox>
	</object>
</annotation>
