<annotation>
	<folder></folder>
	<filename>2010_jpg.rf.88aa22eb97cc9b0a664db183f244bf29.jpg</filename>
	<path>2010_jpg.rf.88aa22eb97cc9b0a664db183f244bf29.jpg</path>
	<source>
		<database>roboflow.com</database>
	</source>
	<size>
		<width>640</width>
		<height>640</height>
		<depth>3</depth>
	</size>
	<segmented>0</segmented>
	<object>
		<name>awake</name>
		<pose>Unspecified</pose>
		<truncated>0</truncated>
		<difficult>0</difficult>
		<occluded>0</occluded>
		<bndbox>
			<xmin>273</xmin>
			<xmax>493</xmax>
			<ymin>49</ymin>
			<ymax>474</ymax>
		</bndbox>
	</object>
</annotation>
