<annotation>
	<folder></folder>
	<filename>2011_jpg.rf.2281186a68b21f618c7e0d4a31409550.jpg</filename>
	<path>2011_jpg.rf.2281186a68b21f618c7e0d4a31409550.jpg</path>
	<source>
		<database>roboflow.com</database>
	</source>
	<size>
		<width>640</width>
		<height>640</height>
		<depth>3</depth>
	</size>
	<segmented>0</segmented>
	<object>
		<name>awake</name>
		<pose>Unspecified</pose>
		<truncated>0</truncated>
		<difficult>0</difficult>
		<occluded>0</occluded>
		<bndbox>
			<xmin>300</xmin>
			<xmax>507</xmax>
			<ymin>60</ymin>
			<ymax>478</ymax>
		</bndbox>
	</object>
</annotation>
