<annotation>
	<folder></folder>
	<filename>2012_jpg.rf.5d38773a197fd0725fb4ea5d8d9a62e2.jpg</filename>
	<path>2012_jpg.rf.5d38773a197fd0725fb4ea5d8d9a62e2.jpg</path>
	<source>
		<database>roboflow.com</database>
	</source>
	<size>
		<width>640</width>
		<height>640</height>
		<depth>3</depth>
	</size>
	<segmented>0</segmented>
	<object>
		<name>awake</name>
		<pose>Unspecified</pose>
		<truncated>0</truncated>
		<difficult>0</difficult>
		<occluded>0</occluded>
		<bndbox>
			<xmin>285</xmin>
			<xmax>500</xmax>
			<ymin>57</ymin>
			<ymax>478</ymax>
		</bndbox>
	</object>
</annotation>
