<annotation>
	<folder></folder>
	<filename>2013_jpg.rf.9d69925e2751b8beb0771025643e6598.jpg</filename>
	<path>2013_jpg.rf.9d69925e2751b8beb0771025643e6598.jpg</path>
	<source>
		<database>roboflow.com</database>
	</source>
	<size>
		<width>640</width>
		<height>640</height>
		<depth>3</depth>
	</size>
	<segmented>0</segmented>
	<object>
		<name>awake</name>
		<pose>Unspecified</pose>
		<truncated>0</truncated>
		<difficult>0</difficult>
		<occluded>0</occluded>
		<bndbox>
			<xmin>299</xmin>
			<xmax>509</xmax>
			<ymin>56</ymin>
			<ymax>476</ymax>
		</bndbox>
	</object>
</annotation>
