<annotation>
	<folder></folder>
	<filename>2014_jpg.rf.e97104bbd42f2ada72f4d849f4e2593c.jpg</filename>
	<path>2014_jpg.rf.e97104bbd42f2ada72f4d849f4e2593c.jpg</path>
	<source>
		<database>roboflow.com</database>
	</source>
	<size>
		<width>640</width>
		<height>640</height>
		<depth>3</depth>
	</size>
	<segmented>0</segmented>
	<object>
		<name>awake</name>
		<pose>Unspecified</pose>
		<truncated>0</truncated>
		<difficult>0</difficult>
		<occluded>0</occluded>
		<bndbox>
			<xmin>305</xmin>
			<xmax>511</xmax>
			<ymin>53</ymin>
			<ymax>475</ymax>
		</bndbox>
	</object>
</annotation>
