<annotation>
	<folder></folder>
	<filename>2016_jpg.rf.046aeab89b5d81a174972362b7cd9d92.jpg</filename>
	<path>2016_jpg.rf.046aeab89b5d81a174972362b7cd9d92.jpg</path>
	<source>
		<database>roboflow.com</database>
	</source>
	<size>
		<width>640</width>
		<height>640</height>
		<depth>3</depth>
	</size>
	<segmented>0</segmented>
	<object>
		<name>awake</name>
		<pose>Unspecified</pose>
		<truncated>0</truncated>
		<difficult>0</difficult>
		<occluded>0</occluded>
		<bndbox>
			<xmin>303</xmin>
			<xmax>510</xmax>
			<ymin>58</ymin>
			<ymax>484</ymax>
		</bndbox>
	</object>
</annotation>
