<annotation>
	<folder></folder>
	<filename>201_jpg.rf.ae3ef64e2dc789ef4cc5392dca40e543.jpg</filename>
	<path>201_jpg.rf.ae3ef64e2dc789ef4cc5392dca40e543.jpg</path>
	<source>
		<database>roboflow.com</database>
	</source>
	<size>
		<width>640</width>
		<height>640</height>
		<depth>3</depth>
	</size>
	<segmented>0</segmented>
	<object>
		<name>awake</name>
		<pose>Unspecified</pose>
		<truncated>0</truncated>
		<difficult>0</difficult>
		<occluded>0</occluded>
		<bndbox>
			<xmin>239</xmin>
			<xmax>372</xmax>
			<ymin>230</ymin>
			<ymax>449</ymax>
		</bndbox>
	</object>
</annotation>
