<annotation>
	<folder></folder>
	<filename>201_jpg.rf.433053fb0591e8a38d9e21a7a59e2029.jpg</filename>
	<path>201_jpg.rf.433053fb0591e8a38d9e21a7a59e2029.jpg</path>
	<source>
		<database>roboflow.com</database>
	</source>
	<size>
		<width>640</width>
		<height>640</height>
		<depth>3</depth>
	</size>
	<segmented>0</segmented>
	<object>
		<name>drowsy</name>
		<pose>Unspecified</pose>
		<truncated>0</truncated>
		<difficult>0</difficult>
		<occluded>0</occluded>
		<bndbox>
			<xmin>196</xmin>
			<xmax>367</xmax>
			<ymin>140</ymin>
			<ymax>569</ymax>
		</bndbox>
	</object>
</annotation>
