<annotation>
	<folder></folder>
	<filename>202_jpg.rf.94ff71dfdb036e1f8d525d73547170dc.jpg</filename>
	<path>202_jpg.rf.94ff71dfdb036e1f8d525d73547170dc.jpg</path>
	<source>
		<database>roboflow.com</database>
	</source>
	<size>
		<width>640</width>
		<height>640</height>
		<depth>3</depth>
	</size>
	<segmented>0</segmented>
	<object>
		<name>drowsy</name>
		<pose>Unspecified</pose>
		<truncated>0</truncated>
		<difficult>0</difficult>
		<occluded>0</occluded>
		<bndbox>
			<xmin>199</xmin>
			<xmax>369</xmax>
			<ymin>135</ymin>
			<ymax>571</ymax>
		</bndbox>
	</object>
</annotation>
