<annotation>
	<folder></folder>
	<filename>202_jpg.rf.612b39fbf0a781b3e520b986dd9ea241.jpg</filename>
	<path>202_jpg.rf.612b39fbf0a781b3e520b986dd9ea241.jpg</path>
	<source>
		<database>roboflow.com</database>
	</source>
	<size>
		<width>640</width>
		<height>640</height>
		<depth>3</depth>
	</size>
	<segmented>0</segmented>
	<object>
		<name>awake</name>
		<pose>Unspecified</pose>
		<truncated>0</truncated>
		<difficult>0</difficult>
		<occluded>0</occluded>
		<bndbox>
			<xmin>244</xmin>
			<xmax>372</xmax>
			<ymin>232</ymin>
			<ymax>446</ymax>
		</bndbox>
	</object>
</annotation>
