<annotation>
	<folder></folder>
	<filename>2031_jpg.rf.58ef495a846c0dc738a903ec681a96fe.jpg</filename>
	<path>2031_jpg.rf.58ef495a846c0dc738a903ec681a96fe.jpg</path>
	<source>
		<database>roboflow.com</database>
	</source>
	<size>
		<width>640</width>
		<height>640</height>
		<depth>3</depth>
	</size>
	<segmented>0</segmented>
	<object>
		<name>awake</name>
		<pose>Unspecified</pose>
		<truncated>0</truncated>
		<difficult>0</difficult>
		<occluded>0</occluded>
		<bndbox>
			<xmin>297</xmin>
			<xmax>505</xmax>
			<ymin>61</ymin>
			<ymax>488</ymax>
		</bndbox>
	</object>
</annotation>
