<annotation>
	<folder></folder>
	<filename>2032_jpg.rf.f972359bbe968026eeb1f64e370dbaca.jpg</filename>
	<path>2032_jpg.rf.f972359bbe968026eeb1f64e370dbaca.jpg</path>
	<source>
		<database>roboflow.com</database>
	</source>
	<size>
		<width>640</width>
		<height>640</height>
		<depth>3</depth>
	</size>
	<segmented>0</segmented>
	<object>
		<name>awake</name>
		<pose>Unspecified</pose>
		<truncated>0</truncated>
		<difficult>0</difficult>
		<occluded>0</occluded>
		<bndbox>
			<xmin>297</xmin>
			<xmax>501</xmax>
			<ymin>60</ymin>
			<ymax>474</ymax>
		</bndbox>
	</object>
</annotation>
