<annotation>
	<folder></folder>
	<filename>2033_jpg.rf.36e3ec9253631204aa654335551a5ad0.jpg</filename>
	<path>2033_jpg.rf.36e3ec9253631204aa654335551a5ad0.jpg</path>
	<source>
		<database>roboflow.com</database>
	</source>
	<size>
		<width>640</width>
		<height>640</height>
		<depth>3</depth>
	</size>
	<segmented>0</segmented>
	<object>
		<name>awake</name>
		<pose>Unspecified</pose>
		<truncated>0</truncated>
		<difficult>0</difficult>
		<occluded>0</occluded>
		<bndbox>
			<xmin>324</xmin>
			<xmax>512</xmax>
			<ymin>55</ymin>
			<ymax>467</ymax>
		</bndbox>
	</object>
</annotation>
