<annotation>
	<folder></folder>
	<filename>2034_jpg.rf.fa21a357be820702109b260f7c607c6c.jpg</filename>
	<path>2034_jpg.rf.fa21a357be820702109b260f7c607c6c.jpg</path>
	<source>
		<database>roboflow.com</database>
	</source>
	<size>
		<width>640</width>
		<height>640</height>
		<depth>3</depth>
	</size>
	<segmented>0</segmented>
	<object>
		<name>awake</name>
		<pose>Unspecified</pose>
		<truncated>0</truncated>
		<difficult>0</difficult>
		<occluded>0</occluded>
		<bndbox>
			<xmin>320</xmin>
			<xmax>511</xmax>
			<ymin>59</ymin>
			<ymax>471</ymax>
		</bndbox>
	</object>
</annotation>
