<annotation>
	<folder></folder>
	<filename>203_jpg.rf.5f8593c52b73b01f82499118f26eb8ef.jpg</filename>
	<path>203_jpg.rf.5f8593c52b73b01f82499118f26eb8ef.jpg</path>
	<source>
		<database>roboflow.com</database>
	</source>
	<size>
		<width>640</width>
		<height>640</height>
		<depth>3</depth>
	</size>
	<segmented>0</segmented>
	<object>
		<name>drowsy</name>
		<pose>Unspecified</pose>
		<truncated>0</truncated>
		<difficult>0</difficult>
		<occluded>0</occluded>
		<bndbox>
			<xmin>193</xmin>
			<xmax>369</xmax>
			<ymin>125</ymin>
			<ymax>567</ymax>
		</bndbox>
	</object>
</annotation>
