<annotation>
	<folder></folder>
	<filename>204_jpg.rf.1c186a37f838ec90501ff8ced370a4c0.jpg</filename>
	<path>204_jpg.rf.1c186a37f838ec90501ff8ced370a4c0.jpg</path>
	<source>
		<database>roboflow.com</database>
	</source>
	<size>
		<width>640</width>
		<height>640</height>
		<depth>3</depth>
	</size>
	<segmented>0</segmented>
	<object>
		<name>drowsy</name>
		<pose>Unspecified</pose>
		<truncated>0</truncated>
		<difficult>0</difficult>
		<occluded>0</occluded>
		<bndbox>
			<xmin>191</xmin>
			<xmax>390</xmax>
			<ymin>163</ymin>
			<ymax>578</ymax>
		</bndbox>
	</object>
</annotation>
