<annotation>
	<folder></folder>
	<filename>2056_jpg.rf.e97945b9dcf99cb164f3ab4598e49592.jpg</filename>
	<path>2056_jpg.rf.e97945b9dcf99cb164f3ab4598e49592.jpg</path>
	<source>
		<database>roboflow.com</database>
	</source>
	<size>
		<width>640</width>
		<height>640</height>
		<depth>3</depth>
	</size>
	<segmented>0</segmented>
	<object>
		<name>awake</name>
		<pose>Unspecified</pose>
		<truncated>0</truncated>
		<difficult>0</difficult>
		<occluded>0</occluded>
		<bndbox>
			<xmin>219</xmin>
			<xmax>407</xmax>
			<ymin>22</ymin>
			<ymax>381</ymax>
		</bndbox>
	</object>
</annotation>
