<annotation>
	<folder></folder>
	<filename>2057_jpg.rf.78c86172e97896597bbfdfa78860d34e.jpg</filename>
	<path>2057_jpg.rf.78c86172e97896597bbfdfa78860d34e.jpg</path>
	<source>
		<database>roboflow.com</database>
	</source>
	<size>
		<width>640</width>
		<height>640</height>
		<depth>3</depth>
	</size>
	<segmented>0</segmented>
	<object>
		<name>awake</name>
		<pose>Unspecified</pose>
		<truncated>0</truncated>
		<difficult>0</difficult>
		<occluded>0</occluded>
		<bndbox>
			<xmin>217</xmin>
			<xmax>409</xmax>
			<ymin>25</ymin>
			<ymax>380</ymax>
		</bndbox>
	</object>
</annotation>
