<annotation>
	<folder></folder>
	<filename>2058_jpg.rf.f1c5f6b783236dbf537c899ee506f77f.jpg</filename>
	<path>2058_jpg.rf.f1c5f6b783236dbf537c899ee506f77f.jpg</path>
	<source>
		<database>roboflow.com</database>
	</source>
	<size>
		<width>640</width>
		<height>640</height>
		<depth>3</depth>
	</size>
	<segmented>0</segmented>
	<object>
		<name>awake</name>
		<pose>Unspecified</pose>
		<truncated>0</truncated>
		<difficult>0</difficult>
		<occluded>0</occluded>
		<bndbox>
			<xmin>271</xmin>
			<xmax>413</xmax>
			<ymin>21</ymin>
			<ymax>383</ymax>
		</bndbox>
	</object>
</annotation>
