<annotation>
	<folder></folder>
	<filename>2059_jpg.rf.42e4fe2cb8e3703afa08fd26a53e3840.jpg</filename>
	<path>2059_jpg.rf.42e4fe2cb8e3703afa08fd26a53e3840.jpg</path>
	<source>
		<database>roboflow.com</database>
	</source>
	<size>
		<width>640</width>
		<height>640</height>
		<depth>3</depth>
	</size>
	<segmented>0</segmented>
	<object>
		<name>awake</name>
		<pose>Unspecified</pose>
		<truncated>0</truncated>
		<difficult>0</difficult>
		<occluded>0</occluded>
		<bndbox>
			<xmin>265</xmin>
			<xmax>414</xmax>
			<ymin>19</ymin>
			<ymax>375</ymax>
		</bndbox>
	</object>
</annotation>
