<annotation>
	<folder></folder>
	<filename>205_jpg.rf.9af6d52478962ba47e1ef404e1c623dc.jpg</filename>
	<path>205_jpg.rf.9af6d52478962ba47e1ef404e1c623dc.jpg</path>
	<source>
		<database>roboflow.com</database>
	</source>
	<size>
		<width>640</width>
		<height>640</height>
		<depth>3</depth>
	</size>
	<segmented>0</segmented>
	<object>
		<name>drowsy</name>
		<pose>Unspecified</pose>
		<truncated>0</truncated>
		<difficult>0</difficult>
		<occluded>0</occluded>
		<bndbox>
			<xmin>185</xmin>
			<xmax>381</xmax>
			<ymin>147</ymin>
			<ymax>576</ymax>
		</bndbox>
	</object>
</annotation>
