<annotation>
	<folder></folder>
	<filename>205_jpg.rf.06d29782f2423ac53b6e0d7a982d782f.jpg</filename>
	<path>205_jpg.rf.06d29782f2423ac53b6e0d7a982d782f.jpg</path>
	<source>
		<database>roboflow.com</database>
	</source>
	<size>
		<width>640</width>
		<height>640</height>
		<depth>3</depth>
	</size>
	<segmented>0</segmented>
	<object>
		<name>awake</name>
		<pose>Unspecified</pose>
		<truncated>0</truncated>
		<difficult>0</difficult>
		<occluded>0</occluded>
		<bndbox>
			<xmin>246</xmin>
			<xmax>375</xmax>
			<ymin>220</ymin>
			<ymax>454</ymax>
		</bndbox>
	</object>
</annotation>
