<annotation>
	<folder></folder>
	<filename>2062_jpg.rf.35045d60bd7ca3d76c83ca5a39fa0f30.jpg</filename>
	<path>2062_jpg.rf.35045d60bd7ca3d76c83ca5a39fa0f30.jpg</path>
	<source>
		<database>roboflow.com</database>
	</source>
	<size>
		<width>640</width>
		<height>640</height>
		<depth>3</depth>
	</size>
	<segmented>0</segmented>
	<object>
		<name>awake</name>
		<pose>Unspecified</pose>
		<truncated>0</truncated>
		<difficult>0</difficult>
		<occluded>0</occluded>
		<bndbox>
			<xmin>220</xmin>
			<xmax>404</xmax>
			<ymin>23</ymin>
			<ymax>374</ymax>
		</bndbox>
	</object>
</annotation>
