<annotation>
	<folder></folder>
	<filename>2066_jpg.rf.dda311d935985ac157ab4fe908b715a7.jpg</filename>
	<path>2066_jpg.rf.dda311d935985ac157ab4fe908b715a7.jpg</path>
	<source>
		<database>roboflow.com</database>
	</source>
	<size>
		<width>640</width>
		<height>640</height>
		<depth>3</depth>
	</size>
	<segmented>0</segmented>
	<object>
		<name>awake</name>
		<pose>Unspecified</pose>
		<truncated>0</truncated>
		<difficult>0</difficult>
		<occluded>0</occluded>
		<bndbox>
			<xmin>329</xmin>
			<xmax>503</xmax>
			<ymin>69</ymin>
			<ymax>443</ymax>
		</bndbox>
	</object>
</annotation>
