<annotation>
	<folder></folder>
	<filename>2067_jpg.rf.e214466aa9393870b1a6b8433ef4962d.jpg</filename>
	<path>2067_jpg.rf.e214466aa9393870b1a6b8433ef4962d.jpg</path>
	<source>
		<database>roboflow.com</database>
	</source>
	<size>
		<width>640</width>
		<height>640</height>
		<depth>3</depth>
	</size>
	<segmented>0</segmented>
	<object>
		<name>awake</name>
		<pose>Unspecified</pose>
		<truncated>0</truncated>
		<difficult>0</difficult>
		<occluded>0</occluded>
		<bndbox>
			<xmin>328</xmin>
			<xmax>504</xmax>
			<ymin>73</ymin>
			<ymax>444</ymax>
		</bndbox>
	</object>
</annotation>
