<annotation>
	<folder></folder>
	<filename>2068_jpg.rf.440a01c6ccb6fa24b0bcecf6274f3150.jpg</filename>
	<path>2068_jpg.rf.440a01c6ccb6fa24b0bcecf6274f3150.jpg</path>
	<source>
		<database>roboflow.com</database>
	</source>
	<size>
		<width>640</width>
		<height>640</height>
		<depth>3</depth>
	</size>
	<segmented>0</segmented>
	<object>
		<name>awake</name>
		<pose>Unspecified</pose>
		<truncated>0</truncated>
		<difficult>0</difficult>
		<occluded>0</occluded>
		<bndbox>
			<xmin>329</xmin>
			<xmax>502</xmax>
			<ymin>66</ymin>
			<ymax>443</ymax>
		</bndbox>
	</object>
</annotation>
