<annotation>
	<folder></folder>
	<filename>206_jpg.rf.db0a7e8bae976ce9a51102174cc5bc71.jpg</filename>
	<path>206_jpg.rf.db0a7e8bae976ce9a51102174cc5bc71.jpg</path>
	<source>
		<database>roboflow.com</database>
	</source>
	<size>
		<width>640</width>
		<height>640</height>
		<depth>3</depth>
	</size>
	<segmented>0</segmented>
	<object>
		<name>drowsy</name>
		<pose>Unspecified</pose>
		<truncated>0</truncated>
		<difficult>0</difficult>
		<occluded>0</occluded>
		<bndbox>
			<xmin>192</xmin>
			<xmax>384</xmax>
			<ymin>132</ymin>
			<ymax>572</ymax>
		</bndbox>
	</object>
</annotation>
