<annotation>
	<folder></folder>
	<filename>206_jpg.rf.b2ade6871d727b2a036dfdd0e71ca064.jpg</filename>
	<path>206_jpg.rf.b2ade6871d727b2a036dfdd0e71ca064.jpg</path>
	<source>
		<database>roboflow.com</database>
	</source>
	<size>
		<width>640</width>
		<height>640</height>
		<depth>3</depth>
	</size>
	<segmented>0</segmented>
	<object>
		<name>awake</name>
		<pose>Unspecified</pose>
		<truncated>0</truncated>
		<difficult>0</difficult>
		<occluded>0</occluded>
		<bndbox>
			<xmin>250</xmin>
			<xmax>376</xmax>
			<ymin>229</ymin>
			<ymax>456</ymax>
		</bndbox>
	</object>
</annotation>
