<annotation>
	<folder></folder>
	<filename>2070_jpg.rf.f791738649666dff79202fb814f5ecf0.jpg</filename>
	<path>2070_jpg.rf.f791738649666dff79202fb814f5ecf0.jpg</path>
	<source>
		<database>roboflow.com</database>
	</source>
	<size>
		<width>640</width>
		<height>640</height>
		<depth>3</depth>
	</size>
	<segmented>0</segmented>
	<object>
		<name>awake</name>
		<pose>Unspecified</pose>
		<truncated>0</truncated>
		<difficult>0</difficult>
		<occluded>0</occluded>
		<bndbox>
			<xmin>330</xmin>
			<xmax>500</xmax>
			<ymin>71</ymin>
			<ymax>444</ymax>
		</bndbox>
	</object>
</annotation>
