<annotation>
	<folder></folder>
	<filename>2071_jpg.rf.522f358d8b7cee94e5acf9012d47ba52.jpg</filename>
	<path>2071_jpg.rf.522f358d8b7cee94e5acf9012d47ba52.jpg</path>
	<source>
		<database>roboflow.com</database>
	</source>
	<size>
		<width>640</width>
		<height>640</height>
		<depth>3</depth>
	</size>
	<segmented>0</segmented>
	<object>
		<name>awake</name>
		<pose>Unspecified</pose>
		<truncated>0</truncated>
		<difficult>0</difficult>
		<occluded>0</occluded>
		<bndbox>
			<xmin>328</xmin>
			<xmax>500</xmax>
			<ymin>69</ymin>
			<ymax>446</ymax>
		</bndbox>
	</object>
</annotation>
