<annotation>
	<folder></folder>
	<filename>2074_jpg.rf.ce6b82b9144ef623fcae53e084cdab2d.jpg</filename>
	<path>2074_jpg.rf.ce6b82b9144ef623fcae53e084cdab2d.jpg</path>
	<source>
		<database>roboflow.com</database>
	</source>
	<size>
		<width>640</width>
		<height>640</height>
		<depth>3</depth>
	</size>
	<segmented>0</segmented>
	<object>
		<name>awake</name>
		<pose>Unspecified</pose>
		<truncated>0</truncated>
		<difficult>0</difficult>
		<occluded>0</occluded>
		<bndbox>
			<xmin>325</xmin>
			<xmax>499</xmax>
			<ymin>72</ymin>
			<ymax>445</ymax>
		</bndbox>
	</object>
</annotation>
