<annotation>
	<folder></folder>
	<filename>207_jpg.rf.09061366800868751dcebbd717663eb7.jpg</filename>
	<path>207_jpg.rf.09061366800868751dcebbd717663eb7.jpg</path>
	<source>
		<database>roboflow.com</database>
	</source>
	<size>
		<width>640</width>
		<height>640</height>
		<depth>3</depth>
	</size>
	<segmented>0</segmented>
	<object>
		<name>drowsy</name>
		<pose>Unspecified</pose>
		<truncated>0</truncated>
		<difficult>0</difficult>
		<occluded>0</occluded>
		<bndbox>
			<xmin>199</xmin>
			<xmax>390</xmax>
			<ymin>140</ymin>
			<ymax>552</ymax>
		</bndbox>
	</object>
</annotation>
