<annotation>
	<folder></folder>
	<filename>2086_jpg.rf.6ed5350c24f28d857984e2202d60a916.jpg</filename>
	<path>2086_jpg.rf.6ed5350c24f28d857984e2202d60a916.jpg</path>
	<source>
		<database>roboflow.com</database>
	</source>
	<size>
		<width>640</width>
		<height>640</height>
		<depth>3</depth>
	</size>
	<segmented>0</segmented>
	<object>
		<name>awake</name>
		<pose>Unspecified</pose>
		<truncated>0</truncated>
		<difficult>0</difficult>
		<occluded>0</occluded>
		<bndbox>
			<xmin>317</xmin>
			<xmax>455</xmax>
			<ymin>109</ymin>
			<ymax>446</ymax>
		</bndbox>
	</object>
</annotation>
