<annotation>
	<folder></folder>
	<filename>2087_jpg.rf.212985005c816416c90269ed91ad609a.jpg</filename>
	<path>2087_jpg.rf.212985005c816416c90269ed91ad609a.jpg</path>
	<source>
		<database>roboflow.com</database>
	</source>
	<size>
		<width>640</width>
		<height>640</height>
		<depth>3</depth>
	</size>
	<segmented>0</segmented>
	<object>
		<name>awake</name>
		<pose>Unspecified</pose>
		<truncated>0</truncated>
		<difficult>0</difficult>
		<occluded>0</occluded>
		<bndbox>
			<xmin>322</xmin>
			<xmax>454</xmax>
			<ymin>107</ymin>
			<ymax>448</ymax>
		</bndbox>
	</object>
</annotation>
