<annotation>
	<folder></folder>
	<filename>208_jpg.rf.73f418e5b8e552bc7e7c20adaad56e95.jpg</filename>
	<path>208_jpg.rf.73f418e5b8e552bc7e7c20adaad56e95.jpg</path>
	<source>
		<database>roboflow.com</database>
	</source>
	<size>
		<width>640</width>
		<height>640</height>
		<depth>3</depth>
	</size>
	<segmented>0</segmented>
	<object>
		<name>awake</name>
		<pose>Unspecified</pose>
		<truncated>0</truncated>
		<difficult>0</difficult>
		<occluded>0</occluded>
		<bndbox>
			<xmin>250</xmin>
			<xmax>381</xmax>
			<ymin>223</ymin>
			<ymax>453</ymax>
		</bndbox>
	</object>
</annotation>
