<annotation>
	<folder></folder>
	<filename>208_jpg.rf.541210e9bd59e3a9357d69ac041ef9c0.jpg</filename>
	<path>208_jpg.rf.541210e9bd59e3a9357d69ac041ef9c0.jpg</path>
	<source>
		<database>roboflow.com</database>
	</source>
	<size>
		<width>640</width>
		<height>640</height>
		<depth>3</depth>
	</size>
	<segmented>0</segmented>
	<object>
		<name>drowsy</name>
		<pose>Unspecified</pose>
		<truncated>0</truncated>
		<difficult>0</difficult>
		<occluded>0</occluded>
		<bndbox>
			<xmin>186</xmin>
			<xmax>382</xmax>
			<ymin>149</ymin>
			<ymax>570</ymax>
		</bndbox>
	</object>
</annotation>
