<annotation>
	<folder></folder>
	<filename>2090_jpg.rf.3398827fe18332ed4d6532c9bb6cf7f0.jpg</filename>
	<path>2090_jpg.rf.3398827fe18332ed4d6532c9bb6cf7f0.jpg</path>
	<source>
		<database>roboflow.com</database>
	</source>
	<size>
		<width>640</width>
		<height>640</height>
		<depth>3</depth>
	</size>
	<segmented>0</segmented>
	<object>
		<name>awake</name>
		<pose>Unspecified</pose>
		<truncated>0</truncated>
		<difficult>0</difficult>
		<occluded>0</occluded>
		<bndbox>
			<xmin>311</xmin>
			<xmax>454</xmax>
			<ymin>109</ymin>
			<ymax>449</ymax>
		</bndbox>
	</object>
</annotation>
