<annotation>
	<folder></folder>
	<filename>2091_jpg.rf.27f781225025bb82e5fd5eb36f6fe396.jpg</filename>
	<path>2091_jpg.rf.27f781225025bb82e5fd5eb36f6fe396.jpg</path>
	<source>
		<database>roboflow.com</database>
	</source>
	<size>
		<width>640</width>
		<height>640</height>
		<depth>3</depth>
	</size>
	<segmented>0</segmented>
	<object>
		<name>awake</name>
		<pose>Unspecified</pose>
		<truncated>0</truncated>
		<difficult>0</difficult>
		<occluded>0</occluded>
		<bndbox>
			<xmin>315</xmin>
			<xmax>453</xmax>
			<ymin>113</ymin>
			<ymax>449</ymax>
		</bndbox>
	</object>
</annotation>
