<annotation>
	<folder></folder>
	<filename>2092_jpg.rf.1e83021223f87dc8f04abed7203e6cc5.jpg</filename>
	<path>2092_jpg.rf.1e83021223f87dc8f04abed7203e6cc5.jpg</path>
	<source>
		<database>roboflow.com</database>
	</source>
	<size>
		<width>640</width>
		<height>640</height>
		<depth>3</depth>
	</size>
	<segmented>0</segmented>
	<object>
		<name>awake</name>
		<pose>Unspecified</pose>
		<truncated>0</truncated>
		<difficult>0</difficult>
		<occluded>0</occluded>
		<bndbox>
			<xmin>314</xmin>
			<xmax>452</xmax>
			<ymin>107</ymin>
			<ymax>447</ymax>
		</bndbox>
	</object>
</annotation>
