<annotation>
	<folder></folder>
	<filename>2093_jpg.rf.2603e0af2c6c66b39e886fbcce7ef7da.jpg</filename>
	<path>2093_jpg.rf.2603e0af2c6c66b39e886fbcce7ef7da.jpg</path>
	<source>
		<database>roboflow.com</database>
	</source>
	<size>
		<width>640</width>
		<height>640</height>
		<depth>3</depth>
	</size>
	<segmented>0</segmented>
	<object>
		<name>awake</name>
		<pose>Unspecified</pose>
		<truncated>0</truncated>
		<difficult>0</difficult>
		<occluded>0</occluded>
		<bndbox>
			<xmin>314</xmin>
			<xmax>453</xmax>
			<ymin>108</ymin>
			<ymax>448</ymax>
		</bndbox>
	</object>
</annotation>
