<annotation>
	<folder></folder>
	<filename>209_jpg.rf.fc6258cf3f40ca064eb81188789f554c.jpg</filename>
	<path>209_jpg.rf.fc6258cf3f40ca064eb81188789f554c.jpg</path>
	<source>
		<database>roboflow.com</database>
	</source>
	<size>
		<width>640</width>
		<height>640</height>
		<depth>3</depth>
	</size>
	<segmented>0</segmented>
	<object>
		<name>drowsy</name>
		<pose>Unspecified</pose>
		<truncated>0</truncated>
		<difficult>0</difficult>
		<occluded>0</occluded>
		<bndbox>
			<xmin>183</xmin>
			<xmax>381</xmax>
			<ymin>147</ymin>
			<ymax>571</ymax>
		</bndbox>
	</object>
</annotation>
