<annotation>
	<folder></folder>
	<filename>209_jpg.rf.4bc4a2c2adb8d80ef252fdbfed24ea68.jpg</filename>
	<path>209_jpg.rf.4bc4a2c2adb8d80ef252fdbfed24ea68.jpg</path>
	<source>
		<database>roboflow.com</database>
	</source>
	<size>
		<width>640</width>
		<height>640</height>
		<depth>3</depth>
	</size>
	<segmented>0</segmented>
	<object>
		<name>awake</name>
		<pose>Unspecified</pose>
		<truncated>0</truncated>
		<difficult>0</difficult>
		<occluded>0</occluded>
		<bndbox>
			<xmin>271</xmin>
			<xmax>396</xmax>
			<ymin>197</ymin>
			<ymax>416</ymax>
		</bndbox>
	</object>
</annotation>
