<annotation>
	<folder></folder>
	<filename>20_jpg.rf.3ae08674e7f6ea430b10368aaccef0b2.jpg</filename>
	<path>20_jpg.rf.3ae08674e7f6ea430b10368aaccef0b2.jpg</path>
	<source>
		<database>roboflow.com</database>
	</source>
	<size>
		<width>640</width>
		<height>640</height>
		<depth>3</depth>
	</size>
	<segmented>0</segmented>
	<object>
		<name>drowsy</name>
		<pose>Unspecified</pose>
		<truncated>0</truncated>
		<difficult>0</difficult>
		<occluded>0</occluded>
		<bndbox>
			<xmin>249</xmin>
			<xmax>383</xmax>
			<ymin>167</ymin>
			<ymax>448</ymax>
		</bndbox>
	</object>
</annotation>
