<annotation>
	<folder></folder>
	<filename>2107_jpg.rf.8711b817ec626b4b9b3d42f7caa6f44f.jpg</filename>
	<path>2107_jpg.rf.8711b817ec626b4b9b3d42f7caa6f44f.jpg</path>
	<source>
		<database>roboflow.com</database>
	</source>
	<size>
		<width>640</width>
		<height>640</height>
		<depth>3</depth>
	</size>
	<segmented>0</segmented>
	<object>
		<name>awake</name>
		<pose>Unspecified</pose>
		<truncated>0</truncated>
		<difficult>0</difficult>
		<occluded>0</occluded>
		<bndbox>
			<xmin>212</xmin>
			<xmax>382</xmax>
			<ymin>136</ymin>
			<ymax>505</ymax>
		</bndbox>
	</object>
</annotation>
