<annotation>
	<folder></folder>
	<filename>2108_jpg.rf.2fe3eca86a432aefb5e7a19480265a99.jpg</filename>
	<path>2108_jpg.rf.2fe3eca86a432aefb5e7a19480265a99.jpg</path>
	<source>
		<database>roboflow.com</database>
	</source>
	<size>
		<width>640</width>
		<height>640</height>
		<depth>3</depth>
	</size>
	<segmented>0</segmented>
	<object>
		<name>awake</name>
		<pose>Unspecified</pose>
		<truncated>0</truncated>
		<difficult>0</difficult>
		<occluded>0</occluded>
		<bndbox>
			<xmin>176</xmin>
			<xmax>344</xmax>
			<ymin>149</ymin>
			<ymax>519</ymax>
		</bndbox>
	</object>
</annotation>
