<annotation>
	<folder></folder>
	<filename>2109_jpg.rf.aa8b5d52c79b8c1001c4c1d96a8a0982.jpg</filename>
	<path>2109_jpg.rf.aa8b5d52c79b8c1001c4c1d96a8a0982.jpg</path>
	<source>
		<database>roboflow.com</database>
	</source>
	<size>
		<width>640</width>
		<height>640</height>
		<depth>3</depth>
	</size>
	<segmented>0</segmented>
	<object>
		<name>awake</name>
		<pose>Unspecified</pose>
		<truncated>0</truncated>
		<difficult>0</difficult>
		<occluded>0</occluded>
		<bndbox>
			<xmin>175</xmin>
			<xmax>343</xmax>
			<ymin>149</ymin>
			<ymax>524</ymax>
		</bndbox>
	</object>
</annotation>
