<annotation>
	<folder></folder>
	<filename>210_jpg.rf.1a41d0606e75891ae2a2a2c1430b1b05.jpg</filename>
	<path>210_jpg.rf.1a41d0606e75891ae2a2a2c1430b1b05.jpg</path>
	<source>
		<database>roboflow.com</database>
	</source>
	<size>
		<width>640</width>
		<height>640</height>
		<depth>3</depth>
	</size>
	<segmented>0</segmented>
	<object>
		<name>drowsy</name>
		<pose>Unspecified</pose>
		<truncated>0</truncated>
		<difficult>0</difficult>
		<occluded>0</occluded>
		<bndbox>
			<xmin>226</xmin>
			<xmax>389</xmax>
			<ymin>50</ymin>
			<ymax>502</ymax>
		</bndbox>
	</object>
</annotation>
