<annotation>
	<folder></folder>
	<filename>2110_jpg.rf.c603f75ef19ce424427b83f9d4af577d.jpg</filename>
	<path>2110_jpg.rf.c603f75ef19ce424427b83f9d4af577d.jpg</path>
	<source>
		<database>roboflow.com</database>
	</source>
	<size>
		<width>640</width>
		<height>640</height>
		<depth>3</depth>
	</size>
	<segmented>0</segmented>
	<object>
		<name>awake</name>
		<pose>Unspecified</pose>
		<truncated>0</truncated>
		<difficult>0</difficult>
		<occluded>0</occluded>
		<bndbox>
			<xmin>194</xmin>
			<xmax>371</xmax>
			<ymin>136</ymin>
			<ymax>516</ymax>
		</bndbox>
	</object>
</annotation>
