<annotation>
	<folder></folder>
	<filename>211_jpg.rf.f540ade71719432f2ba6651def72dff1.jpg</filename>
	<path>211_jpg.rf.f540ade71719432f2ba6651def72dff1.jpg</path>
	<source>
		<database>roboflow.com</database>
	</source>
	<size>
		<width>640</width>
		<height>640</height>
		<depth>3</depth>
	</size>
	<segmented>0</segmented>
	<object>
		<name>awake</name>
		<pose>Unspecified</pose>
		<truncated>0</truncated>
		<difficult>0</difficult>
		<occluded>0</occluded>
		<bndbox>
			<xmin>217</xmin>
			<xmax>358</xmax>
			<ymin>208</ymin>
			<ymax>419</ymax>
		</bndbox>
	</object>
</annotation>
