<annotation>
	<folder></folder>
	<filename>2121_jpg.rf.d17265969c1362cc4849838d5f860751.jpg</filename>
	<path>2121_jpg.rf.d17265969c1362cc4849838d5f860751.jpg</path>
	<source>
		<database>roboflow.com</database>
	</source>
	<size>
		<width>640</width>
		<height>640</height>
		<depth>3</depth>
	</size>
	<segmented>0</segmented>
	<object>
		<name>awake</name>
		<pose>Unspecified</pose>
		<truncated>0</truncated>
		<difficult>0</difficult>
		<occluded>0</occluded>
		<bndbox>
			<xmin>287</xmin>
			<xmax>419</xmax>
			<ymin>171</ymin>
			<ymax>510</ymax>
		</bndbox>
	</object>
</annotation>
