<annotation>
	<folder></folder>
	<filename>2124_jpg.rf.96cb8ccc78a1596ae0bc5ae13fa3c2fa.jpg</filename>
	<path>2124_jpg.rf.96cb8ccc78a1596ae0bc5ae13fa3c2fa.jpg</path>
	<source>
		<database>roboflow.com</database>
	</source>
	<size>
		<width>640</width>
		<height>640</height>
		<depth>3</depth>
	</size>
	<segmented>0</segmented>
	<object>
		<name>awake</name>
		<pose>Unspecified</pose>
		<truncated>0</truncated>
		<difficult>0</difficult>
		<occluded>0</occluded>
		<bndbox>
			<xmin>184</xmin>
			<xmax>363</xmax>
			<ymin>160</ymin>
			<ymax>529</ymax>
		</bndbox>
	</object>
</annotation>
