<annotation>
	<folder></folder>
	<filename>2126_jpg.rf.7c0b2f47408735ddcf333ac8634ee030.jpg</filename>
	<path>2126_jpg.rf.7c0b2f47408735ddcf333ac8634ee030.jpg</path>
	<source>
		<database>roboflow.com</database>
	</source>
	<size>
		<width>640</width>
		<height>640</height>
		<depth>3</depth>
	</size>
	<segmented>0</segmented>
	<object>
		<name>awake</name>
		<pose>Unspecified</pose>
		<truncated>0</truncated>
		<difficult>0</difficult>
		<occluded>0</occluded>
		<bndbox>
			<xmin>180</xmin>
			<xmax>361</xmax>
			<ymin>155</ymin>
			<ymax>527</ymax>
		</bndbox>
	</object>
</annotation>
