<annotation>
	<folder></folder>
	<filename>2129_jpg.rf.e1c959ed87cc67bb35df04b262bc240e.jpg</filename>
	<path>2129_jpg.rf.e1c959ed87cc67bb35df04b262bc240e.jpg</path>
	<source>
		<database>roboflow.com</database>
	</source>
	<size>
		<width>640</width>
		<height>640</height>
		<depth>3</depth>
	</size>
	<segmented>0</segmented>
	<object>
		<name>awake</name>
		<pose>Unspecified</pose>
		<truncated>0</truncated>
		<difficult>0</difficult>
		<occluded>0</occluded>
		<bndbox>
			<xmin>275</xmin>
			<xmax>412</xmax>
			<ymin>157</ymin>
			<ymax>505</ymax>
		</bndbox>
	</object>
</annotation>
