<annotation>
	<folder></folder>
	<filename>212_jpg.rf.8282a4d6beca2fffe9aa30fc0d4916ee.jpg</filename>
	<path>212_jpg.rf.8282a4d6beca2fffe9aa30fc0d4916ee.jpg</path>
	<source>
		<database>roboflow.com</database>
	</source>
	<size>
		<width>640</width>
		<height>640</height>
		<depth>3</depth>
	</size>
	<segmented>0</segmented>
	<object>
		<name>drowsy</name>
		<pose>Unspecified</pose>
		<truncated>0</truncated>
		<difficult>0</difficult>
		<occluded>0</occluded>
		<bndbox>
			<xmin>224</xmin>
			<xmax>396</xmax>
			<ymin>48</ymin>
			<ymax>526</ymax>
		</bndbox>
	</object>
</annotation>
