<annotation>
	<folder></folder>
	<filename>212_jpg.rf.f7eeb51a7ea625e896be2ea5eddee391.jpg</filename>
	<path>212_jpg.rf.f7eeb51a7ea625e896be2ea5eddee391.jpg</path>
	<source>
		<database>roboflow.com</database>
	</source>
	<size>
		<width>640</width>
		<height>640</height>
		<depth>3</depth>
	</size>
	<segmented>0</segmented>
	<object>
		<name>awake</name>
		<pose>Unspecified</pose>
		<truncated>0</truncated>
		<difficult>0</difficult>
		<occluded>0</occluded>
		<bndbox>
			<xmin>199</xmin>
			<xmax>351</xmax>
			<ymin>209</ymin>
			<ymax>428</ymax>
		</bndbox>
	</object>
</annotation>
