<annotation>
	<folder></folder>
	<filename>2130_jpg.rf.cd730d016aa5716c4cc5793a29f217ed.jpg</filename>
	<path>2130_jpg.rf.cd730d016aa5716c4cc5793a29f217ed.jpg</path>
	<source>
		<database>roboflow.com</database>
	</source>
	<size>
		<width>640</width>
		<height>640</height>
		<depth>3</depth>
	</size>
	<segmented>0</segmented>
	<object>
		<name>awake</name>
		<pose>Unspecified</pose>
		<truncated>0</truncated>
		<difficult>0</difficult>
		<occluded>0</occluded>
		<bndbox>
			<xmin>237</xmin>
			<xmax>413</xmax>
			<ymin>229</ymin>
			<ymax>537</ymax>
		</bndbox>
	</object>
</annotation>
