<annotation>
	<folder></folder>
	<filename>2131_jpg.rf.8729e37f7b04b668954457470f5b8e41.jpg</filename>
	<path>2131_jpg.rf.8729e37f7b04b668954457470f5b8e41.jpg</path>
	<source>
		<database>roboflow.com</database>
	</source>
	<size>
		<width>640</width>
		<height>640</height>
		<depth>3</depth>
	</size>
	<segmented>0</segmented>
	<object>
		<name>awake</name>
		<pose>Unspecified</pose>
		<truncated>0</truncated>
		<difficult>0</difficult>
		<occluded>0</occluded>
		<bndbox>
			<xmin>230</xmin>
			<xmax>413</xmax>
			<ymin>210</ymin>
			<ymax>532</ymax>
		</bndbox>
	</object>
</annotation>
