<annotation>
	<folder></folder>
	<filename>2132_jpg.rf.0360e0c3495e0ef23e52776c144536eb.jpg</filename>
	<path>2132_jpg.rf.0360e0c3495e0ef23e52776c144536eb.jpg</path>
	<source>
		<database>roboflow.com</database>
	</source>
	<size>
		<width>640</width>
		<height>640</height>
		<depth>3</depth>
	</size>
	<segmented>0</segmented>
	<object>
		<name>awake</name>
		<pose>Unspecified</pose>
		<truncated>0</truncated>
		<difficult>0</difficult>
		<occluded>0</occluded>
		<bndbox>
			<xmin>262</xmin>
			<xmax>427</xmax>
			<ymin>206</ymin>
			<ymax>527</ymax>
		</bndbox>
	</object>
</annotation>
