<annotation>
	<folder></folder>
	<filename>2133_jpg.rf.23eb925996b8df016dda05ad18f1db8c.jpg</filename>
	<path>2133_jpg.rf.23eb925996b8df016dda05ad18f1db8c.jpg</path>
	<source>
		<database>roboflow.com</database>
	</source>
	<size>
		<width>640</width>
		<height>640</height>
		<depth>3</depth>
	</size>
	<segmented>0</segmented>
	<object>
		<name>awake</name>
		<pose>Unspecified</pose>
		<truncated>0</truncated>
		<difficult>0</difficult>
		<occluded>0</occluded>
		<bndbox>
			<xmin>274</xmin>
			<xmax>437</xmax>
			<ymin>215</ymin>
			<ymax>523</ymax>
		</bndbox>
	</object>
</annotation>
