<annotation>
	<folder></folder>
	<filename>2134_jpg.rf.c5c2e1f1a2c396196e10dbc6b2c1d594.jpg</filename>
	<path>2134_jpg.rf.c5c2e1f1a2c396196e10dbc6b2c1d594.jpg</path>
	<source>
		<database>roboflow.com</database>
	</source>
	<size>
		<width>640</width>
		<height>640</height>
		<depth>3</depth>
	</size>
	<segmented>0</segmented>
	<object>
		<name>awake</name>
		<pose>Unspecified</pose>
		<truncated>0</truncated>
		<difficult>0</difficult>
		<occluded>0</occluded>
		<bndbox>
			<xmin>256</xmin>
			<xmax>424</xmax>
			<ymin>222</ymin>
			<ymax>528</ymax>
		</bndbox>
	</object>
</annotation>
