<annotation>
	<folder></folder>
	<filename>2136_jpg.rf.06e1fd964973243f953272dc90f40b0c.jpg</filename>
	<path>2136_jpg.rf.06e1fd964973243f953272dc90f40b0c.jpg</path>
	<source>
		<database>roboflow.com</database>
	</source>
	<size>
		<width>640</width>
		<height>640</height>
		<depth>3</depth>
	</size>
	<segmented>0</segmented>
	<object>
		<name>awake</name>
		<pose>Unspecified</pose>
		<truncated>0</truncated>
		<difficult>0</difficult>
		<occluded>0</occluded>
		<bndbox>
			<xmin>266</xmin>
			<xmax>426</xmax>
			<ymin>201</ymin>
			<ymax>514</ymax>
		</bndbox>
	</object>
</annotation>
