<annotation>
	<folder></folder>
	<filename>213_jpg.rf.cbaf8bc19ffad7e8dd01a733c5cf949b.jpg</filename>
	<path>213_jpg.rf.cbaf8bc19ffad7e8dd01a733c5cf949b.jpg</path>
	<source>
		<database>roboflow.com</database>
	</source>
	<size>
		<width>640</width>
		<height>640</height>
		<depth>3</depth>
	</size>
	<segmented>0</segmented>
	<object>
		<name>drowsy</name>
		<pose>Unspecified</pose>
		<truncated>0</truncated>
		<difficult>0</difficult>
		<occluded>0</occluded>
		<bndbox>
			<xmin>200</xmin>
			<xmax>356</xmax>
			<ymin>171</ymin>
			<ymax>515</ymax>
		</bndbox>
	</object>
</annotation>
