<annotation>
	<folder></folder>
	<filename>213_jpg.rf.c9a0cdeb8f7b3c7a0ca740b3381bb7ea.jpg</filename>
	<path>213_jpg.rf.c9a0cdeb8f7b3c7a0ca740b3381bb7ea.jpg</path>
	<source>
		<database>roboflow.com</database>
	</source>
	<size>
		<width>640</width>
		<height>640</height>
		<depth>3</depth>
	</size>
	<segmented>0</segmented>
	<object>
		<name>awake</name>
		<pose>Unspecified</pose>
		<truncated>0</truncated>
		<difficult>0</difficult>
		<occluded>0</occluded>
		<bndbox>
			<xmin>212</xmin>
			<xmax>361</xmax>
			<ymin>221</ymin>
			<ymax>443</ymax>
		</bndbox>
	</object>
</annotation>
