<annotation>
	<folder></folder>
	<filename>214_jpg.rf.b7dea33fee4c87e66fb32bf649cd91ba.jpg</filename>
	<path>214_jpg.rf.b7dea33fee4c87e66fb32bf649cd91ba.jpg</path>
	<source>
		<database>roboflow.com</database>
	</source>
	<size>
		<width>640</width>
		<height>640</height>
		<depth>3</depth>
	</size>
	<segmented>0</segmented>
	<object>
		<name>drowsy</name>
		<pose>Unspecified</pose>
		<truncated>0</truncated>
		<difficult>0</difficult>
		<occluded>0</occluded>
		<bndbox>
			<xmin>199</xmin>
			<xmax>357</xmax>
			<ymin>176</ymin>
			<ymax>521</ymax>
		</bndbox>
	</object>
</annotation>
