<annotation>
	<folder></folder>
	<filename>2151_jpg.rf.d1603ffa47bbfa52ea0668332ebb9d45.jpg</filename>
	<path>2151_jpg.rf.d1603ffa47bbfa52ea0668332ebb9d45.jpg</path>
	<source>
		<database>roboflow.com</database>
	</source>
	<size>
		<width>640</width>
		<height>640</height>
		<depth>3</depth>
	</size>
	<segmented>0</segmented>
	<object>
		<name>awake</name>
		<pose>Unspecified</pose>
		<truncated>0</truncated>
		<difficult>0</difficult>
		<occluded>0</occluded>
		<bndbox>
			<xmin>256</xmin>
			<xmax>414</xmax>
			<ymin>140</ymin>
			<ymax>491</ymax>
		</bndbox>
	</object>
</annotation>
