<annotation>
	<folder></folder>
	<filename>2152_jpg.rf.8d81ff930d24de00270c99932ad807c2.jpg</filename>
	<path>2152_jpg.rf.8d81ff930d24de00270c99932ad807c2.jpg</path>
	<source>
		<database>roboflow.com</database>
	</source>
	<size>
		<width>640</width>
		<height>640</height>
		<depth>3</depth>
	</size>
	<segmented>0</segmented>
	<object>
		<name>awake</name>
		<pose>Unspecified</pose>
		<truncated>0</truncated>
		<difficult>0</difficult>
		<occluded>0</occluded>
		<bndbox>
			<xmin>272</xmin>
			<xmax>421</xmax>
			<ymin>140</ymin>
			<ymax>486</ymax>
		</bndbox>
	</object>
</annotation>
