<annotation>
	<folder></folder>
	<filename>2153_jpg.rf.479aa02f4376e3872dd9ed0845f52f89.jpg</filename>
	<path>2153_jpg.rf.479aa02f4376e3872dd9ed0845f52f89.jpg</path>
	<source>
		<database>roboflow.com</database>
	</source>
	<size>
		<width>640</width>
		<height>640</height>
		<depth>3</depth>
	</size>
	<segmented>0</segmented>
	<object>
		<name>awake</name>
		<pose>Unspecified</pose>
		<truncated>0</truncated>
		<difficult>0</difficult>
		<occluded>0</occluded>
		<bndbox>
			<xmin>293</xmin>
			<xmax>433</xmax>
			<ymin>129</ymin>
			<ymax>481</ymax>
		</bndbox>
	</object>
</annotation>
