<annotation>
	<folder></folder>
	<filename>2154_jpg.rf.250e8078c4585abf2da0a8ed89cb82c5.jpg</filename>
	<path>2154_jpg.rf.250e8078c4585abf2da0a8ed89cb82c5.jpg</path>
	<source>
		<database>roboflow.com</database>
	</source>
	<size>
		<width>640</width>
		<height>640</height>
		<depth>3</depth>
	</size>
	<segmented>0</segmented>
	<object>
		<name>awake</name>
		<pose>Unspecified</pose>
		<truncated>0</truncated>
		<difficult>0</difficult>
		<occluded>0</occluded>
		<bndbox>
			<xmin>313</xmin>
			<xmax>446</xmax>
			<ymin>139</ymin>
			<ymax>489</ymax>
		</bndbox>
	</object>
</annotation>
