<annotation>
	<folder></folder>
	<filename>2156_jpg.rf.c1bfad54239bf43b9729fedb0de11eee.jpg</filename>
	<path>2156_jpg.rf.c1bfad54239bf43b9729fedb0de11eee.jpg</path>
	<source>
		<database>roboflow.com</database>
	</source>
	<size>
		<width>640</width>
		<height>640</height>
		<depth>3</depth>
	</size>
	<segmented>0</segmented>
	<object>
		<name>awake</name>
		<pose>Unspecified</pose>
		<truncated>0</truncated>
		<difficult>0</difficult>
		<occluded>0</occluded>
		<bndbox>
			<xmin>221</xmin>
			<xmax>398</xmax>
			<ymin>122</ymin>
			<ymax>483</ymax>
		</bndbox>
	</object>
</annotation>
