<annotation>
	<folder></folder>
	<filename>2157_jpg.rf.1b02fd3441c49c8148d965e5e1730b2a.jpg</filename>
	<path>2157_jpg.rf.1b02fd3441c49c8148d965e5e1730b2a.jpg</path>
	<source>
		<database>roboflow.com</database>
	</source>
	<size>
		<width>640</width>
		<height>640</height>
		<depth>3</depth>
	</size>
	<segmented>0</segmented>
	<object>
		<name>awake</name>
		<pose>Unspecified</pose>
		<truncated>0</truncated>
		<difficult>0</difficult>
		<occluded>0</occluded>
		<bndbox>
			<xmin>249</xmin>
			<xmax>411</xmax>
			<ymin>131</ymin>
			<ymax>482</ymax>
		</bndbox>
	</object>
</annotation>
