<annotation>
	<folder></folder>
	<filename>2158_jpg.rf.c247209c7f04ed9b32b88f4a0730b1ac.jpg</filename>
	<path>2158_jpg.rf.c247209c7f04ed9b32b88f4a0730b1ac.jpg</path>
	<source>
		<database>roboflow.com</database>
	</source>
	<size>
		<width>640</width>
		<height>640</height>
		<depth>3</depth>
	</size>
	<segmented>0</segmented>
	<object>
		<name>awake</name>
		<pose>Unspecified</pose>
		<truncated>0</truncated>
		<difficult>0</difficult>
		<occluded>0</occluded>
		<bndbox>
			<xmin>271</xmin>
			<xmax>425</xmax>
			<ymin>138</ymin>
			<ymax>485</ymax>
		</bndbox>
	</object>
</annotation>
