<annotation>
	<folder></folder>
	<filename>2159_jpg.rf.e744e32481a4e1685e11b5652f33cda9.jpg</filename>
	<path>2159_jpg.rf.e744e32481a4e1685e11b5652f33cda9.jpg</path>
	<source>
		<database>roboflow.com</database>
	</source>
	<size>
		<width>640</width>
		<height>640</height>
		<depth>3</depth>
	</size>
	<segmented>0</segmented>
	<object>
		<name>awake</name>
		<pose>Unspecified</pose>
		<truncated>0</truncated>
		<difficult>0</difficult>
		<occluded>0</occluded>
		<bndbox>
			<xmin>271</xmin>
			<xmax>422</xmax>
			<ymin>140</ymin>
			<ymax>492</ymax>
		</bndbox>
	</object>
</annotation>
