<annotation>
	<folder></folder>
	<filename>215_jpg.rf.505b66282ce5106253ba619ba64b525f.jpg</filename>
	<path>215_jpg.rf.505b66282ce5106253ba619ba64b525f.jpg</path>
	<source>
		<database>roboflow.com</database>
	</source>
	<size>
		<width>640</width>
		<height>640</height>
		<depth>3</depth>
	</size>
	<segmented>0</segmented>
	<object>
		<name>drowsy</name>
		<pose>Unspecified</pose>
		<truncated>0</truncated>
		<difficult>0</difficult>
		<occluded>0</occluded>
		<bndbox>
			<xmin>225</xmin>
			<xmax>377</xmax>
			<ymin>189</ymin>
			<ymax>523</ymax>
		</bndbox>
	</object>
</annotation>
