<annotation>
	<folder></folder>
	<filename>2160_jpg.rf.69b01ce1fedc114dec7a10282c8d5de7.jpg</filename>
	<path>2160_jpg.rf.69b01ce1fedc114dec7a10282c8d5de7.jpg</path>
	<source>
		<database>roboflow.com</database>
	</source>
	<size>
		<width>640</width>
		<height>640</height>
		<depth>3</depth>
	</size>
	<segmented>0</segmented>
	<object>
		<name>awake</name>
		<pose>Unspecified</pose>
		<truncated>0</truncated>
		<difficult>0</difficult>
		<occluded>0</occluded>
		<bndbox>
			<xmin>277</xmin>
			<xmax>430</xmax>
			<ymin>136</ymin>
			<ymax>486</ymax>
		</bndbox>
	</object>
</annotation>
