<annotation>
	<folder></folder>
	<filename>216_jpg.rf.b3e74a5457fdc2ba7f6fdb604003bfaa.jpg</filename>
	<path>216_jpg.rf.b3e74a5457fdc2ba7f6fdb604003bfaa.jpg</path>
	<source>
		<database>roboflow.com</database>
	</source>
	<size>
		<width>640</width>
		<height>640</height>
		<depth>3</depth>
	</size>
	<segmented>0</segmented>
	<object>
		<name>drowsy</name>
		<pose>Unspecified</pose>
		<truncated>0</truncated>
		<difficult>0</difficult>
		<occluded>0</occluded>
		<bndbox>
			<xmin>228</xmin>
			<xmax>389</xmax>
			<ymin>165</ymin>
			<ymax>510</ymax>
		</bndbox>
	</object>
</annotation>
