<annotation>
	<folder></folder>
	<filename>217_jpg.rf.d2f8098c8ad6c5cd837683577e3eb1d1.jpg</filename>
	<path>217_jpg.rf.d2f8098c8ad6c5cd837683577e3eb1d1.jpg</path>
	<source>
		<database>roboflow.com</database>
	</source>
	<size>
		<width>640</width>
		<height>640</height>
		<depth>3</depth>
	</size>
	<segmented>0</segmented>
	<object>
		<name>drowsy</name>
		<pose>Unspecified</pose>
		<truncated>0</truncated>
		<difficult>0</difficult>
		<occluded>0</occluded>
		<bndbox>
			<xmin>180</xmin>
			<xmax>359</xmax>
			<ymin>159</ymin>
			<ymax>528</ymax>
		</bndbox>
	</object>
</annotation>
