<annotation>
	<folder></folder>
	<filename>217_jpg.rf.25dd2b5618e830abb2a5ffea83abd3d7.jpg</filename>
	<path>217_jpg.rf.25dd2b5618e830abb2a5ffea83abd3d7.jpg</path>
	<source>
		<database>roboflow.com</database>
	</source>
	<size>
		<width>640</width>
		<height>640</height>
		<depth>3</depth>
	</size>
	<segmented>0</segmented>
	<object>
		<name>awake</name>
		<pose>Unspecified</pose>
		<truncated>0</truncated>
		<difficult>0</difficult>
		<occluded>0</occluded>
		<bndbox>
			<xmin>103</xmin>
			<xmax>292</xmax>
			<ymin>48</ymin>
			<ymax>405</ymax>
		</bndbox>
	</object>
</annotation>
