<annotation>
	<folder></folder>
	<filename>218_jpg.rf.8dde3e1edaf2982c1166ca64a6665a38.jpg</filename>
	<path>218_jpg.rf.8dde3e1edaf2982c1166ca64a6665a38.jpg</path>
	<source>
		<database>roboflow.com</database>
	</source>
	<size>
		<width>640</width>
		<height>640</height>
		<depth>3</depth>
	</size>
	<segmented>0</segmented>
	<object>
		<name>drowsy</name>
		<pose>Unspecified</pose>
		<truncated>0</truncated>
		<difficult>0</difficult>
		<occluded>0</occluded>
		<bndbox>
			<xmin>188</xmin>
			<xmax>376</xmax>
			<ymin>163</ymin>
			<ymax>536</ymax>
		</bndbox>
	</object>
</annotation>
