<annotation>
	<folder></folder>
	<filename>218_jpg.rf.cf07a06411bd4b262fae6e1658c29762.jpg</filename>
	<path>218_jpg.rf.cf07a06411bd4b262fae6e1658c29762.jpg</path>
	<source>
		<database>roboflow.com</database>
	</source>
	<size>
		<width>640</width>
		<height>640</height>
		<depth>3</depth>
	</size>
	<segmented>0</segmented>
	<object>
		<name>awake</name>
		<pose>Unspecified</pose>
		<truncated>0</truncated>
		<difficult>0</difficult>
		<occluded>0</occluded>
		<bndbox>
			<xmin>110</xmin>
			<xmax>297</xmax>
			<ymin>27</ymin>
			<ymax>400</ymax>
		</bndbox>
	</object>
</annotation>
