<annotation>
	<folder></folder>
	<filename>2196_jpg.rf.663b7bb28b834c6df9fe6123ff3749d9.jpg</filename>
	<path>2196_jpg.rf.663b7bb28b834c6df9fe6123ff3749d9.jpg</path>
	<source>
		<database>roboflow.com</database>
	</source>
	<size>
		<width>640</width>
		<height>640</height>
		<depth>3</depth>
	</size>
	<segmented>0</segmented>
	<object>
		<name>awake</name>
		<pose>Unspecified</pose>
		<truncated>0</truncated>
		<difficult>0</difficult>
		<occluded>0</occluded>
		<bndbox>
			<xmin>386</xmin>
			<xmax>530</xmax>
			<ymin>144</ymin>
			<ymax>472</ymax>
		</bndbox>
	</object>
</annotation>
