<annotation>
	<folder></folder>
	<filename>2197_jpg.rf.d7dcf90fd619c28b75095025f42e7cca.jpg</filename>
	<path>2197_jpg.rf.d7dcf90fd619c28b75095025f42e7cca.jpg</path>
	<source>
		<database>roboflow.com</database>
	</source>
	<size>
		<width>640</width>
		<height>640</height>
		<depth>3</depth>
	</size>
	<segmented>0</segmented>
	<object>
		<name>awake</name>
		<pose>Unspecified</pose>
		<truncated>0</truncated>
		<difficult>0</difficult>
		<occluded>0</occluded>
		<bndbox>
			<xmin>333</xmin>
			<xmax>514</xmax>
			<ymin>133</ymin>
			<ymax>465</ymax>
		</bndbox>
	</object>
</annotation>
