<annotation>
	<folder></folder>
	<filename>2198_jpg.rf.f0142e472d64e8800ea8a9cde91e128a.jpg</filename>
	<path>2198_jpg.rf.f0142e472d64e8800ea8a9cde91e128a.jpg</path>
	<source>
		<database>roboflow.com</database>
	</source>
	<size>
		<width>640</width>
		<height>640</height>
		<depth>3</depth>
	</size>
	<segmented>0</segmented>
	<object>
		<name>awake</name>
		<pose>Unspecified</pose>
		<truncated>0</truncated>
		<difficult>0</difficult>
		<occluded>0</occluded>
		<bndbox>
			<xmin>312</xmin>
			<xmax>508</xmax>
			<ymin>139</ymin>
			<ymax>478</ymax>
		</bndbox>
	</object>
</annotation>
