<annotation>
	<folder></folder>
	<filename>2199_jpg.rf.57bece88e02ef09ca066e00e4930c902.jpg</filename>
	<path>2199_jpg.rf.57bece88e02ef09ca066e00e4930c902.jpg</path>
	<source>
		<database>roboflow.com</database>
	</source>
	<size>
		<width>640</width>
		<height>640</height>
		<depth>3</depth>
	</size>
	<segmented>0</segmented>
	<object>
		<name>awake</name>
		<pose>Unspecified</pose>
		<truncated>0</truncated>
		<difficult>0</difficult>
		<occluded>0</occluded>
		<bndbox>
			<xmin>288</xmin>
			<xmax>505</xmax>
			<ymin>147</ymin>
			<ymax>483</ymax>
		</bndbox>
	</object>
</annotation>
