<annotation>
	<folder></folder>
	<filename>219_jpg.rf.6eeb66a37731c8f10606527226081a1b.jpg</filename>
	<path>219_jpg.rf.6eeb66a37731c8f10606527226081a1b.jpg</path>
	<source>
		<database>roboflow.com</database>
	</source>
	<size>
		<width>640</width>
		<height>640</height>
		<depth>3</depth>
	</size>
	<segmented>0</segmented>
	<object>
		<name>drowsy</name>
		<pose>Unspecified</pose>
		<truncated>0</truncated>
		<difficult>0</difficult>
		<occluded>0</occluded>
		<bndbox>
			<xmin>285</xmin>
			<xmax>460</xmax>
			<ymin>188</ymin>
			<ymax>536</ymax>
		</bndbox>
	</object>
</annotation>
