<annotation>
	<folder></folder>
	<filename>219_jpg.rf.12602094df5f03cd156a056e44ff32b1.jpg</filename>
	<path>219_jpg.rf.12602094df5f03cd156a056e44ff32b1.jpg</path>
	<source>
		<database>roboflow.com</database>
	</source>
	<size>
		<width>640</width>
		<height>640</height>
		<depth>3</depth>
	</size>
	<segmented>0</segmented>
	<object>
		<name>awake</name>
		<pose>Unspecified</pose>
		<truncated>0</truncated>
		<difficult>0</difficult>
		<occluded>0</occluded>
		<bndbox>
			<xmin>165</xmin>
			<xmax>321</xmax>
			<ymin>43</ymin>
			<ymax>402</ymax>
		</bndbox>
	</object>
</annotation>
