<annotation>
	<folder></folder>
	<filename>21_jpg.rf.78edef007a3b7749c52d648b39c99014.jpg</filename>
	<path>21_jpg.rf.78edef007a3b7749c52d648b39c99014.jpg</path>
	<source>
		<database>roboflow.com</database>
	</source>
	<size>
		<width>640</width>
		<height>640</height>
		<depth>3</depth>
	</size>
	<segmented>0</segmented>
	<object>
		<name>drowsy</name>
		<pose>Unspecified</pose>
		<truncated>0</truncated>
		<difficult>0</difficult>
		<occluded>0</occluded>
		<bndbox>
			<xmin>252</xmin>
			<xmax>382</xmax>
			<ymin>163</ymin>
			<ymax>444</ymax>
		</bndbox>
	</object>
</annotation>
