<annotation>
	<folder></folder>
	<filename>2200_jpg.rf.1972354b5151b8bad35e0b4d070c0f2c.jpg</filename>
	<path>2200_jpg.rf.1972354b5151b8bad35e0b4d070c0f2c.jpg</path>
	<source>
		<database>roboflow.com</database>
	</source>
	<size>
		<width>640</width>
		<height>640</height>
		<depth>3</depth>
	</size>
	<segmented>0</segmented>
	<object>
		<name>awake</name>
		<pose>Unspecified</pose>
		<truncated>0</truncated>
		<difficult>0</difficult>
		<occluded>0</occluded>
		<bndbox>
			<xmin>320</xmin>
			<xmax>518</xmax>
			<ymin>136</ymin>
			<ymax>479</ymax>
		</bndbox>
	</object>
</annotation>
