<annotation>
	<folder></folder>
	<filename>2201_jpg.rf.cef43f6f03928acd8a41dfb3cbf80df5.jpg</filename>
	<path>2201_jpg.rf.cef43f6f03928acd8a41dfb3cbf80df5.jpg</path>
	<source>
		<database>roboflow.com</database>
	</source>
	<size>
		<width>640</width>
		<height>640</height>
		<depth>3</depth>
	</size>
	<segmented>0</segmented>
	<object>
		<name>awake</name>
		<pose>Unspecified</pose>
		<truncated>0</truncated>
		<difficult>0</difficult>
		<occluded>0</occluded>
		<bndbox>
			<xmin>326</xmin>
			<xmax>514</xmax>
			<ymin>124</ymin>
			<ymax>462</ymax>
		</bndbox>
	</object>
</annotation>
