<annotation>
	<folder></folder>
	<filename>2202_jpg.rf.c263515d371eeece47b5ddfa6c7c5c32.jpg</filename>
	<path>2202_jpg.rf.c263515d371eeece47b5ddfa6c7c5c32.jpg</path>
	<source>
		<database>roboflow.com</database>
	</source>
	<size>
		<width>640</width>
		<height>640</height>
		<depth>3</depth>
	</size>
	<segmented>0</segmented>
	<object>
		<name>awake</name>
		<pose>Unspecified</pose>
		<truncated>0</truncated>
		<difficult>0</difficult>
		<occluded>0</occluded>
		<bndbox>
			<xmin>335</xmin>
			<xmax>514</xmax>
			<ymin>131</ymin>
			<ymax>466</ymax>
		</bndbox>
	</object>
</annotation>
