<annotation>
	<folder></folder>
	<filename>220_jpg.rf.af6e7de10e5a9a800881d45ed4cc75a1.jpg</filename>
	<path>220_jpg.rf.af6e7de10e5a9a800881d45ed4cc75a1.jpg</path>
	<source>
		<database>roboflow.com</database>
	</source>
	<size>
		<width>640</width>
		<height>640</height>
		<depth>3</depth>
	</size>
	<segmented>0</segmented>
	<object>
		<name>drowsy</name>
		<pose>Unspecified</pose>
		<truncated>0</truncated>
		<difficult>0</difficult>
		<occluded>0</occluded>
		<bndbox>
			<xmin>296</xmin>
			<xmax>474</xmax>
			<ymin>197</ymin>
			<ymax>552</ymax>
		</bndbox>
	</object>
</annotation>
