<annotation>
	<folder></folder>
	<filename>2216_jpg.rf.0e3d57c443cce746bb1c48ae2a1554cf.jpg</filename>
	<path>2216_jpg.rf.0e3d57c443cce746bb1c48ae2a1554cf.jpg</path>
	<source>
		<database>roboflow.com</database>
	</source>
	<size>
		<width>640</width>
		<height>640</height>
		<depth>3</depth>
	</size>
	<segmented>0</segmented>
	<object>
		<name>awake</name>
		<pose>Unspecified</pose>
		<truncated>0</truncated>
		<difficult>0</difficult>
		<occluded>0</occluded>
		<bndbox>
			<xmin>326</xmin>
			<xmax>462</xmax>
			<ymin>139</ymin>
			<ymax>502</ymax>
		</bndbox>
	</object>
</annotation>
