<annotation>
	<folder></folder>
	<filename>2217_jpg.rf.fe073fa85f6a4674d2b94db3d1c4ed29.jpg</filename>
	<path>2217_jpg.rf.fe073fa85f6a4674d2b94db3d1c4ed29.jpg</path>
	<source>
		<database>roboflow.com</database>
	</source>
	<size>
		<width>640</width>
		<height>640</height>
		<depth>3</depth>
	</size>
	<segmented>0</segmented>
	<object>
		<name>awake</name>
		<pose>Unspecified</pose>
		<truncated>0</truncated>
		<difficult>0</difficult>
		<occluded>0</occluded>
		<bndbox>
			<xmin>342</xmin>
			<xmax>475</xmax>
			<ymin>144</ymin>
			<ymax>498</ymax>
		</bndbox>
	</object>
</annotation>
