<annotation>
	<folder></folder>
	<filename>221_jpg.rf.6022b114a9865880a8ed49192ac57fe5.jpg</filename>
	<path>221_jpg.rf.6022b114a9865880a8ed49192ac57fe5.jpg</path>
	<source>
		<database>roboflow.com</database>
	</source>
	<size>
		<width>640</width>
		<height>640</height>
		<depth>3</depth>
	</size>
	<segmented>0</segmented>
	<object>
		<name>drowsy</name>
		<pose>Unspecified</pose>
		<truncated>0</truncated>
		<difficult>0</difficult>
		<occluded>0</occluded>
		<bndbox>
			<xmin>224</xmin>
			<xmax>378</xmax>
			<ymin>55</ymin>
			<ymax>474</ymax>
		</bndbox>
	</object>
</annotation>
