<annotation>
	<folder></folder>
	<filename>221_jpg.rf.120545fa65f7329a0d554ad1f8b0590d.jpg</filename>
	<path>221_jpg.rf.120545fa65f7329a0d554ad1f8b0590d.jpg</path>
	<source>
		<database>roboflow.com</database>
	</source>
	<size>
		<width>640</width>
		<height>640</height>
		<depth>3</depth>
	</size>
	<segmented>0</segmented>
	<object>
		<name>awake</name>
		<pose>Unspecified</pose>
		<truncated>0</truncated>
		<difficult>0</difficult>
		<occluded>0</occluded>
		<bndbox>
			<xmin>151</xmin>
			<xmax>315</xmax>
			<ymin>36</ymin>
			<ymax>403</ymax>
		</bndbox>
	</object>
</annotation>
