<annotation>
	<folder></folder>
	<filename>2220_jpg.rf.61a42ae51ca468a651828dc7c3fa152c.jpg</filename>
	<path>2220_jpg.rf.61a42ae51ca468a651828dc7c3fa152c.jpg</path>
	<source>
		<database>roboflow.com</database>
	</source>
	<size>
		<width>640</width>
		<height>640</height>
		<depth>3</depth>
	</size>
	<segmented>0</segmented>
	<object>
		<name>awake</name>
		<pose>Unspecified</pose>
		<truncated>0</truncated>
		<difficult>0</difficult>
		<occluded>0</occluded>
		<bndbox>
			<xmin>333</xmin>
			<xmax>481</xmax>
			<ymin>145</ymin>
			<ymax>508</ymax>
		</bndbox>
	</object>
</annotation>
