<annotation>
	<folder></folder>
	<filename>2221_jpg.rf.5aaade3de8fb09395ab561557010c7b6.jpg</filename>
	<path>2221_jpg.rf.5aaade3de8fb09395ab561557010c7b6.jpg</path>
	<source>
		<database>roboflow.com</database>
	</source>
	<size>
		<width>640</width>
		<height>640</height>
		<depth>3</depth>
	</size>
	<segmented>0</segmented>
	<object>
		<name>awake</name>
		<pose>Unspecified</pose>
		<truncated>0</truncated>
		<difficult>0</difficult>
		<occluded>0</occluded>
		<bndbox>
			<xmin>348</xmin>
			<xmax>492</xmax>
			<ymin>139</ymin>
			<ymax>515</ymax>
		</bndbox>
	</object>
</annotation>
