<annotation>
	<folder></folder>
	<filename>2222_jpg.rf.d0315c2134776ba90067e0e43144b670.jpg</filename>
	<path>2222_jpg.rf.d0315c2134776ba90067e0e43144b670.jpg</path>
	<source>
		<database>roboflow.com</database>
	</source>
	<size>
		<width>640</width>
		<height>640</height>
		<depth>3</depth>
	</size>
	<segmented>0</segmented>
	<object>
		<name>awake</name>
		<pose>Unspecified</pose>
		<truncated>0</truncated>
		<difficult>0</difficult>
		<occluded>0</occluded>
		<bndbox>
			<xmin>318</xmin>
			<xmax>481</xmax>
			<ymin>140</ymin>
			<ymax>522</ymax>
		</bndbox>
	</object>
</annotation>
