<annotation>
	<folder></folder>
	<filename>2223_jpg.rf.0466deb9a71cf63034a44e643067c40e.jpg</filename>
	<path>2223_jpg.rf.0466deb9a71cf63034a44e643067c40e.jpg</path>
	<source>
		<database>roboflow.com</database>
	</source>
	<size>
		<width>640</width>
		<height>640</height>
		<depth>3</depth>
	</size>
	<segmented>0</segmented>
	<object>
		<name>awake</name>
		<pose>Unspecified</pose>
		<truncated>0</truncated>
		<difficult>0</difficult>
		<occluded>0</occluded>
		<bndbox>
			<xmin>321</xmin>
			<xmax>480</xmax>
			<ymin>143</ymin>
			<ymax>519</ymax>
		</bndbox>
	</object>
</annotation>
