<annotation>
	<folder></folder>
	<filename>2224_jpg.rf.b31e797c6dd910c9ed4261242c4e2750.jpg</filename>
	<path>2224_jpg.rf.b31e797c6dd910c9ed4261242c4e2750.jpg</path>
	<source>
		<database>roboflow.com</database>
	</source>
	<size>
		<width>640</width>
		<height>640</height>
		<depth>3</depth>
	</size>
	<segmented>0</segmented>
	<object>
		<name>awake</name>
		<pose>Unspecified</pose>
		<truncated>0</truncated>
		<difficult>0</difficult>
		<occluded>0</occluded>
		<bndbox>
			<xmin>335</xmin>
			<xmax>486</xmax>
			<ymin>146</ymin>
			<ymax>516</ymax>
		</bndbox>
	</object>
</annotation>
