<annotation>
	<folder></folder>
	<filename>2228_jpg.rf.21330aa9c6392b348cbd19d41d752c05.jpg</filename>
	<path>2228_jpg.rf.21330aa9c6392b348cbd19d41d752c05.jpg</path>
	<source>
		<database>roboflow.com</database>
	</source>
	<size>
		<width>640</width>
		<height>640</height>
		<depth>3</depth>
	</size>
	<segmented>0</segmented>
	<object>
		<name>awake</name>
		<pose>Unspecified</pose>
		<truncated>0</truncated>
		<difficult>0</difficult>
		<occluded>0</occluded>
		<bndbox>
			<xmin>352</xmin>
			<xmax>495</xmax>
			<ymin>130</ymin>
			<ymax>502</ymax>
		</bndbox>
	</object>
</annotation>
