<annotation>
	<folder></folder>
	<filename>2229_jpg.rf.14db6e5f4827ecee20fcbba7b427facc.jpg</filename>
	<path>2229_jpg.rf.14db6e5f4827ecee20fcbba7b427facc.jpg</path>
	<source>
		<database>roboflow.com</database>
	</source>
	<size>
		<width>640</width>
		<height>640</height>
		<depth>3</depth>
	</size>
	<segmented>0</segmented>
	<object>
		<name>awake</name>
		<pose>Unspecified</pose>
		<truncated>0</truncated>
		<difficult>0</difficult>
		<occluded>0</occluded>
		<bndbox>
			<xmin>330</xmin>
			<xmax>480</xmax>
			<ymin>134</ymin>
			<ymax>506</ymax>
		</bndbox>
	</object>
</annotation>
