<annotation>
	<folder></folder>
	<filename>222_jpg.rf.7aa10c2a096c60961eaf012b1c468ccf.jpg</filename>
	<path>222_jpg.rf.7aa10c2a096c60961eaf012b1c468ccf.jpg</path>
	<source>
		<database>roboflow.com</database>
	</source>
	<size>
		<width>640</width>
		<height>640</height>
		<depth>3</depth>
	</size>
	<segmented>0</segmented>
	<object>
		<name>drowsy</name>
		<pose>Unspecified</pose>
		<truncated>0</truncated>
		<difficult>0</difficult>
		<occluded>0</occluded>
		<bndbox>
			<xmin>222</xmin>
			<xmax>375</xmax>
			<ymin>68</ymin>
			<ymax>477</ymax>
		</bndbox>
	</object>
</annotation>
