<annotation>
	<folder></folder>
	<filename>223_jpg.rf.222d99f84aa7799536cb7a8e925be164.jpg</filename>
	<path>223_jpg.rf.222d99f84aa7799536cb7a8e925be164.jpg</path>
	<source>
		<database>roboflow.com</database>
	</source>
	<size>
		<width>640</width>
		<height>640</height>
		<depth>3</depth>
	</size>
	<segmented>0</segmented>
	<object>
		<name>awake</name>
		<pose>Unspecified</pose>
		<truncated>0</truncated>
		<difficult>0</difficult>
		<occluded>0</occluded>
		<bndbox>
			<xmin>127</xmin>
			<xmax>303</xmax>
			<ymin>32</ymin>
			<ymax>399</ymax>
		</bndbox>
	</object>
</annotation>
