<annotation>
	<folder></folder>
	<filename>223_jpg.rf.da03f949c894b827b86b51ada9091f77.jpg</filename>
	<path>223_jpg.rf.da03f949c894b827b86b51ada9091f77.jpg</path>
	<source>
		<database>roboflow.com</database>
	</source>
	<size>
		<width>640</width>
		<height>640</height>
		<depth>3</depth>
	</size>
	<segmented>0</segmented>
	<object>
		<name>drowsy</name>
		<pose>Unspecified</pose>
		<truncated>0</truncated>
		<difficult>0</difficult>
		<occluded>0</occluded>
		<bndbox>
			<xmin>223</xmin>
			<xmax>375</xmax>
			<ymin>64</ymin>
			<ymax>477</ymax>
		</bndbox>
	</object>
</annotation>
