<annotation>
	<folder></folder>
	<filename>22_jpg.rf.18118a210240dbef415e6d0182604c93.jpg</filename>
	<path>22_jpg.rf.18118a210240dbef415e6d0182604c93.jpg</path>
	<source>
		<database>roboflow.com</database>
	</source>
	<size>
		<width>640</width>
		<height>640</height>
		<depth>3</depth>
	</size>
	<segmented>0</segmented>
	<object>
		<name>drowsy</name>
		<pose>Unspecified</pose>
		<truncated>0</truncated>
		<difficult>0</difficult>
		<occluded>0</occluded>
		<bndbox>
			<xmin>255</xmin>
			<xmax>383</xmax>
			<ymin>161</ymin>
			<ymax>446</ymax>
		</bndbox>
	</object>
</annotation>
