<annotation>
	<folder></folder>
	<filename>2_jpg.rf.91eac39bf6d504d23e3fa92e1777cfd8.jpg</filename>
	<path>2_jpg.rf.91eac39bf6d504d23e3fa92e1777cfd8.jpg</path>
	<source>
		<database>roboflow.com</database>
	</source>
	<size>
		<width>640</width>
		<height>640</height>
		<depth>3</depth>
	</size>
	<segmented>0</segmented>
	<object>
		<name>drowsy</name>
		<pose>Unspecified</pose>
		<truncated>0</truncated>
		<difficult>0</difficult>
		<occluded>0</occluded>
		<bndbox>
			<xmin>370</xmin>
			<xmax>521</xmax>
			<ymin>72</ymin>
			<ymax>474</ymax>
		</bndbox>
	</object>
</annotation>
