<annotation>
	<folder></folder>
	<filename>2_jpg.rf.1f0b20c54fcf7ccd9b06dc93a4ffae0c.jpg</filename>
	<path>2_jpg.rf.1f0b20c54fcf7ccd9b06dc93a4ffae0c.jpg</path>
	<source>
		<database>roboflow.com</database>
	</source>
	<size>
		<width>640</width>
		<height>640</height>
		<depth>3</depth>
	</size>
	<segmented>0</segmented>
	<object>
		<name>awake</name>
		<pose>Unspecified</pose>
		<truncated>0</truncated>
		<difficult>0</difficult>
		<occluded>0</occluded>
		<bndbox>
			<xmin>333</xmin>
			<xmax>488</xmax>
			<ymin>94</ymin>
			<ymax>464</ymax>
		</bndbox>
	</object>
</annotation>
